Step|length,BatchTime,BatchAvgTime,Loss,AvgLoss,Accuracy,AverageAccuracy
[0/15],9.021,9.021,1.3024,1.3024,0.15,0.15
[1/15],8.399,8.71,1.1333,1.2179,0.25,0.2
[2/15],8.045,8.488,1.381,1.2723,0.2,0.2
[3/15],8.611,8.519,1.0197,1.2091,0.4,0.25
[4/15],8.36,8.487,1.1584,1.199,0.4,0.28
[5/15],8.277,8.452,1.1966,1.1986,0.25,0.275
[6/15],7.745,8.351,1.1869,1.1969,0.3,0.279
[7/15],6.77,8.154,1.359,1.2172,0.1,0.256
[8/15],8.666,8.21,1.0418,1.1977,0.25,0.256
[9/15],7.476,8.137,1.2341,1.2013,0.2,0.25
[10/15],7.92,8.117,1.2104,1.2021,0.2,0.245
[11/15],10.401,8.308,1.2721,1.208,0.2,0.242
[12/15],8.577,8.328,1.1523,1.2037,0.2,0.238
[13/15],9.264,8.395,1.2489,1.2069,0.3,0.243
[14/15],3.29,8.055,1.0113,1.2022,0.429,0.247
[0/15],10.002,10.002,1.1748,1.1748,0.2,0.2
[1/15],11.59,10.796,1.1664,1.1706,0.15,0.175
[2/15],9.886,10.493,1.1487,1.1633,0.2,0.183
[3/15],9.099,10.144,1.162,1.1629,0.25,0.2
[4/15],9.133,9.942,1.0827,1.1469,0.3,0.22
[5/15],8.565,9.713,1.235,1.1616,0.1,0.2
[6/15],8.405,9.526,1.0412,1.1444,0.45,0.236
[7/15],8.689,9.421,1.1799,1.1488,0.15,0.225
[8/15],10.567,9.549,1.2586,1.161,0.35,0.239
[9/15],7.227,9.316,1.119,1.1568,0.25,0.24
[10/15],8.199,9.215,1.1997,1.1607,0.3,0.245
[11/15],8.787,9.179,1.1307,1.1582,0.2,0.242
[12/15],9.377,9.194,0.9874,1.1451,0.35,0.25
[13/15],9.066,9.185,1.0854,1.1408,0.35,0.257
[14/15],2.929,8.768,1.1393,1.1408,0.286,0.258
[0/15],7.749,7.749,1.1701,1.1701,0.2,0.2
[1/15],7.268,7.508,1.1716,1.1708,0.25,0.225
[2/15],7.254,7.423,1.2232,1.1883,0.2,0.217
[3/15],7.8,7.518,1.1333,1.1745,0.3,0.237
[4/15],7.228,7.46,1.1667,1.173,0.25,0.24
[5/15],7.514,7.469,1.1404,1.1675,0.2,0.233
[6/15],6.951,7.395,1.099,1.1578,0.2,0.229
[7/15],7.018,7.348,1.2467,1.1689,0.2,0.225
[8/15],7.378,7.351,1.2478,1.1776,0.3,0.233
[9/15],7.49,7.365,1.1334,1.1732,0.25,0.235
[10/15],7.915,7.415,1.0335,1.1605,0.15,0.227
[11/15],7.345,7.409,1.179,1.1621,0.2,0.225
[12/15],7.863,7.444,1.1859,1.1639,0.4,0.238
[13/15],6.807,7.399,1.2869,1.1727,0.3,0.243
[14/15],2.434,7.068,1.2292,1.1741,0.286,0.244
[0/15],9.888,9.888,1.11,1.11,0.45,0.45
[1/15],9.275,9.581,1.1779,1.1439,0.35,0.4
[2/15],7.837,9,1.2305,1.1728,0.4,0.4
[3/15],8.479,8.869,1.2694,1.1969,0.4,0.4
[4/15],8.778,8.851,1.1363,1.1848,0.5,0.42
[5/15],8.144,8.733,1.1961,1.1867,0.35,0.408
[6/15],8.86,8.751,1.1464,1.1809,0.4,0.407
[7/15],6.826,8.511,1.1988,1.1832,0.45,0.412
[8/15],7.689,8.419,1.1864,1.1835,0.45,0.417
[9/15],8.072,8.384,1.1877,1.1839,0.35,0.41
[10/15],8.15,8.363,1.1878,1.1843,0.4,0.409
[11/15],7.687,8.307,1.1061,1.1778,0.5,0.417
[12/15],6.905,8.199,1.1674,1.177,0.5,0.423
[13/15],7.479,8.148,1.3386,1.1885,0.2,0.407
[14/15],2.992,7.804,1.1273,1.187,0.571,0.411
[0/15],7.979,7.979,1.2497,1.2497,0.25,0.25
[1/15],8.272,8.126,1.3566,1.3032,0.2,0.225
[2/15],8.172,8.141,1.4484,1.3516,0.25,0.233
[3/15],7.98,8.101,1.1783,1.3082,0.15,0.212
[4/15],8.566,8.194,1.2134,1.2893,0.4,0.25
[5/15],7.008,7.996,1.2682,1.2858,0.25,0.25
[6/15],8.599,8.082,1.1654,1.2686,0.15,0.236
[7/15],8.784,8.17,1.2509,1.2664,0.3,0.244
[8/15],8.313,8.186,1.2322,1.2626,0.25,0.244
[9/15],9.406,8.308,1.1472,1.251,0.3,0.25
[10/15],9.757,8.44,1.0169,1.2298,0.4,0.264
[11/15],8.969,8.484,1.2562,1.232,0.3,0.267
[12/15],8.549,8.489,1.1615,1.2265,0.1,0.254
[13/15],7.403,8.411,1.2445,1.2278,0.3,0.257
[14/15],3.245,8.067,1.0855,1.2244,0.143,0.254
[0/15],9.063,9.063,1.2266,1.2266,0.25,0.25
[1/15],8.49,8.776,1.1655,1.196,0.25,0.25
[2/15],8.73,8.761,1.277,1.223,0.3,0.267
[3/15],8.339,8.655,1.1787,1.212,0.3,0.275
[4/15],7.609,8.446,1.8286,1.3353,0.35,0.29
[5/15],8.604,8.472,1.1616,1.3063,0.3,0.292
[6/15],7.418,8.322,1.1529,1.2844,0.25,0.286
[7/15],8.423,8.334,1.2664,1.2822,0.15,0.269
[8/15],8.462,8.349,1.1435,1.2668,0.25,0.267
[9/15],7.716,8.285,1.2183,1.2619,0.2,0.26
[10/15],7.524,8.216,1.1647,1.2531,0.15,0.25
[11/15],7.836,8.184,1.2632,1.2539,0.2,0.246
[12/15],7.482,8.13,1.2049,1.2501,0.25,0.246
[13/15],7.53,8.088,1.253,1.2504,0.15,0.239
[14/15],2.337,7.704,1.007,1.2444,0.429,0.244
[0/15],8.238,8.238,1.219,1.219,0.3,0.3
[1/15],8.073,8.155,1.2013,1.2101,0.4,0.35
[2/15],7.694,8.001,1.0101,1.1435,0.55,0.417
[3/15],7.993,7.999,1.0972,1.1319,0.4,0.412
[4/15],7.028,7.805,1.3078,1.1671,0.3,0.39
[5/15],6.927,7.659,1.1768,1.1687,0.4,0.392
[6/15],8.757,7.816,0.9633,1.1393,0.65,0.429
[7/15],7.356,7.758,1.3352,1.1638,0.3,0.412
[8/15],7.003,7.674,1.0951,1.1562,0.5,0.422
[9/15],7.782,7.685,1.1772,1.1583,0.5,0.43
[10/15],7.771,7.693,1.4005,1.1803,0.25,0.414
[11/15],7.511,7.678,0.99,1.1644,0.6,0.429
[12/15],6.372,7.577,1.4315,1.185,0.35,0.423
[13/15],6.324,7.488,1.3544,1.1971,0.4,0.421
[14/15],2.447,7.152,1.4742,1.2038,0,0.411
[0/15],7.688,7.688,1.1083,1.1083,0.45,0.45
[1/15],7.575,7.631,1.2526,1.1805,0.15,0.3
[2/15],7.143,7.468,1.2673,1.2094,0.3,0.3
[3/15],7.303,7.427,1.1629,1.1978,0.3,0.3
[4/15],7.585,7.459,1.1592,1.1901,0.35,0.31
[5/15],8.08,7.562,1.1244,1.1791,0.25,0.3
[6/15],6.262,7.377,1.3611,1.2051,0.2,0.286
[7/15],7.32,7.37,1.1204,1.1945,0.2,0.275
[8/15],7.105,7.34,1.4081,1.2183,0.35,0.283
[9/15],8.112,7.417,1.1125,1.2077,0.25,0.28
[10/15],7.654,7.439,1.2199,1.2088,0.25,0.277
[11/15],7.419,7.437,1.1735,1.2059,0.15,0.267
[12/15],8.201,7.496,1.1376,1.2006,0.2,0.262
[13/15],7.274,7.48,1.2617,1.205,0.15,0.254
[14/15],2.54,7.151,1.1176,1.2028,0.286,0.254
[0/15],6.279,6.279,1.2848,1.2848,0.2,0.2
[1/15],6.948,6.614,1.2472,1.266,0.4,0.3
[2/15],6.397,6.542,1.2725,1.2682,0.25,0.283
[3/15],7.956,6.895,1.0401,1.2112,0.7,0.388
[4/15],8.079,7.132,1.1855,1.206,0.5,0.41
[5/15],8.761,7.404,1.1603,1.1984,0.4,0.408
[6/15],7.142,7.366,1.1961,1.1981,0.45,0.414
[7/15],7.069,7.329,1.1774,1.1955,0.4,0.412
[8/15],7.24,7.319,1.1567,1.1912,0.6,0.433
[9/15],6.97,7.284,1.3286,1.2049,0.3,0.42
[10/15],8.377,7.384,1.0977,1.1952,0.45,0.423
[11/15],6.907,7.344,1.216,1.1969,0.45,0.425
[12/15],8.416,7.426,1.2019,1.1973,0.4,0.423
[13/15],8.136,7.477,1.1328,1.1927,0.5,0.429
[14/15],3.295,7.198,0.9473,1.1867,0.714,0.436
[0/15],9.667,9.667,1.075,1.075,0.5,0.5
[1/15],9.251,9.459,1.335,1.205,0.4,0.45
[2/15],10.039,9.652,0.8156,1.0752,0.6,0.5
[3/15],9.167,9.531,0.8204,1.0115,0.6,0.525
[4/15],8.63,9.351,1.2551,1.0602,0.4,0.5
[5/15],10.224,9.497,0.7795,1.0134,0.7,0.533
[6/15],8.044,9.289,1.3587,1.0628,0.3,0.5
[7/15],9.25,9.284,1.0909,1.0663,0.4,0.487
[8/15],9.882,9.351,1.1508,1.0757,0.45,0.483
[9/15],9.999,9.415,1.0272,1.0708,0.4,0.475
[10/15],10.523,9.516,1.1982,1.0824,0.45,0.473
[11/15],7.83,9.376,1.1278,1.0862,0.4,0.467
[12/15],8.685,9.322,1.0677,1.0848,0.55,0.473
[13/15],9.359,9.325,1.4017,1.1074,0.35,0.464
[14/15],3.875,8.962,1.1266,1.1079,0.571,0.467
[0/15],6.844,6.844,0.8438,0.8438,0.7,0.7
[1/15],7.101,6.972,1.0453,0.9446,0.5,0.6
[2/15],7.988,7.311,0.9389,0.9427,0.65,0.617
[3/15],7.66,7.398,1.0369,0.9662,0.5,0.588
[4/15],7.412,7.401,0.7569,0.9244,0.8,0.63
[5/15],7.592,7.433,1.0024,0.9374,0.5,0.608
[6/15],8.729,7.618,1.0297,0.9506,0.45,0.586
[7/15],7.162,7.561,1.0825,0.9671,0.4,0.562
[8/15],7.111,7.511,1.0449,0.9757,0.5,0.556
[9/15],8.114,7.571,1.2388,1.002,0.35,0.535
[10/15],7.16,7.534,1.0217,1.0038,0.5,0.532
[11/15],8.133,7.584,1.1532,1.0163,0.35,0.517
[12/15],7.632,7.588,1.0897,1.0219,0.5,0.515
[13/15],7.099,7.553,0.8426,1.0091,0.65,0.525
[14/15],2.918,7.244,1.1899,1.0135,0.429,0.523
[0/15],9.523,9.523,1.2316,1.2316,0.35,0.35
[1/15],10.049,9.786,0.8303,1.0309,0.7,0.525
[2/15],8.388,9.32,0.9119,0.9912,0.55,0.533
[3/15],8.999,9.24,1.0959,1.0174,0.55,0.537
[4/15],7.761,8.944,1.0411,1.0221,0.5,0.53
[5/15],9.303,9.004,1.0929,1.0339,0.45,0.517
[6/15],7.201,8.746,1.1044,1.044,0.4,0.5
[7/15],8.797,8.752,1.267,1.0719,0.4,0.487
[8/15],7.235,8.584,1.3333,1.1009,0.4,0.478
[9/15],7.845,8.51,1.0497,1.0958,0.5,0.48
[10/15],7.256,8.396,0.9897,1.0862,0.6,0.491
[11/15],7.922,8.357,1.2174,1.0971,0.55,0.496
[12/15],6.858,8.241,1.1548,1.1015,0.4,0.488
[13/15],7.977,8.222,1.0981,1.1013,0.65,0.5
[14/15],2.03,7.81,1.0438,1.0999,0.714,0.505
[0/15],7.403,7.403,1.1103,1.1103,0.5,0.5
[1/15],7.209,7.306,0.8434,0.9769,0.65,0.575
[2/15],8.998,7.87,0.9617,0.9718,0.65,0.6
[3/15],6.92,7.633,0.9483,0.9659,0.65,0.613
[4/15],7.776,7.661,1.0829,0.9893,0.6,0.61
[5/15],7.006,7.552,0.9741,0.9868,0.5,0.592
[6/15],7.56,7.553,1.2362,1.0224,0.4,0.564
[7/15],7.512,7.548,1.2076,1.0456,0.55,0.562
[8/15],6.394,7.42,1.1815,1.0607,0.45,0.55
[9/15],7.706,7.449,1.0114,1.0557,0.65,0.56
[10/15],7.359,7.44,1.0454,1.0548,0.6,0.564
[11/15],7.583,7.452,0.9878,1.0492,0.55,0.562
[12/15],6.951,7.414,1.1555,1.0574,0.6,0.565
[13/15],7.498,7.42,0.9572,1.0502,0.55,0.564
[14/15],3.157,7.136,1.1054,1.0516,0.286,0.557
[0/15],6.802,6.802,0.8655,0.8655,0.6,0.6
[1/15],9.356,8.079,1.0175,0.9415,0.45,0.525
[2/15],6.627,7.595,0.6732,0.8521,0.75,0.6
[3/15],6.478,7.316,1.058,0.9036,0.7,0.625
[4/15],7.163,7.285,0.7358,0.87,0.65,0.63
[5/15],8.747,7.529,0.9953,0.8909,0.4,0.592
[6/15],7.741,7.559,1.1316,0.9253,0.4,0.564
[7/15],8.673,7.699,1.1398,0.9521,0.3,0.531
[8/15],6.804,7.599,0.8813,0.9442,0.65,0.544
[9/15],7.623,7.602,1.141,0.9639,0.4,0.53
[10/15],7.853,7.624,0.9553,0.9631,0.55,0.532
[11/15],8.228,7.675,0.9314,0.9605,0.65,0.542
[12/15],6.538,7.587,0.975,0.9616,0.65,0.55
[13/15],7.66,7.592,0.9353,0.9597,0.55,0.55
[14/15],2.581,7.258,1.0594,0.9622,0.571,0.551
[0/15],9.244,9.244,1.0246,1.0246,0.65,0.65
[1/15],9.178,9.211,1.1689,1.0968,0.25,0.45
[2/15],7.057,8.493,1.1765,1.1233,0.55,0.483
[3/15],8.672,8.538,0.9052,1.0688,0.45,0.475
[4/15],8.356,8.502,0.9983,1.0547,0.7,0.52
[5/15],8.804,8.552,1.0256,1.0499,0.55,0.525
[6/15],8.015,8.475,0.9525,1.036,0.5,0.521
[7/15],8.117,8.43,1.2152,1.0584,0.25,0.487
[8/15],7.106,8.283,1.0865,1.0615,0.65,0.506
[9/15],7.686,8.224,1.0495,1.0603,0.5,0.505
[10/15],6.949,8.108,1.1065,1.0645,0.4,0.495
[11/15],7.722,8.076,0.9557,1.0554,0.6,0.504
[12/15],7.418,8.025,1.1027,1.0591,0.5,0.504
[13/15],7.764,8.006,0.9357,1.0502,0.55,0.507
[14/15],2.672,7.651,0.7313,1.0425,0.714,0.512
[0/15],7.154,7.154,1.0715,1.0715,0.4,0.4
[1/15],7.29,7.222,1.1687,1.1201,0.45,0.425
[2/15],8.887,7.777,0.8989,1.0464,0.65,0.5
[3/15],7.191,7.631,1.2487,1.0969,0.5,0.5
[4/15],8.417,7.788,1.074,1.0923,0.5,0.5
[5/15],6.746,7.614,1.2534,1.1192,0.45,0.492
[6/15],7.739,7.632,1.2136,1.1327,0.6,0.507
[7/15],8.025,7.681,1.0505,1.1224,0.45,0.5
[8/15],8.153,7.734,0.9693,1.1054,0.45,0.494
[9/15],7.156,7.676,0.9825,1.0931,0.55,0.5
[10/15],7.249,7.637,1.0844,1.0923,0.45,0.495
[11/15],8.828,7.736,1.1722,1.099,0.55,0.5
[12/15],7.044,7.683,1.1628,1.1039,0.4,0.492
[13/15],7.782,7.69,1.1998,1.1107,0.4,0.486
[14/15],2.583,7.35,1.1029,1.1105,0.286,0.481
[0/15],7.269,7.269,0.963,0.963,0.7,0.7
[1/15],6.721,6.995,1.1076,1.0353,0.5,0.6
[2/15],7.534,7.175,1.1883,1.0863,0.5,0.567
[3/15],7.8,7.331,1.1305,1.0974,0.55,0.562
[4/15],8.839,7.632,0.9461,1.0671,0.6,0.57
[5/15],7.992,7.692,1.0047,1.0567,0.5,0.558
[6/15],8.17,7.76,0.9604,1.043,0.6,0.564
[7/15],7.393,7.715,1.1927,1.0617,0.3,0.531
[8/15],6.579,7.588,1.3842,1.0975,0.5,0.528
[9/15],7.454,7.575,0.9902,1.0868,0.6,0.535
[10/15],6.64,7.49,1.1922,1.0964,0.6,0.541
[11/15],7.095,7.457,1.1911,1.1043,0.5,0.537
[12/15],7.219,7.439,1.2031,1.1119,0.45,0.531
[13/15],7.649,7.454,0.9739,1.102,0.5,0.529
[14/15],2.979,7.156,0.839,1.0956,0.714,0.533
[0/15],7.764,7.764,1.0259,1.0259,0.6,0.6
[1/15],7.231,7.498,1.3355,1.1807,0.5,0.55
[2/15],7.113,7.369,0.7585,1.04,0.7,0.6
[3/15],7.964,7.518,0.9815,1.0254,0.5,0.575
[4/15],9.277,7.87,0.8433,0.9889,0.6,0.58
[5/15],7.39,7.79,0.817,0.9603,0.6,0.583
[6/15],7.722,7.78,1.2072,0.9956,0.5,0.571
[7/15],7.98,7.805,1.3162,1.0356,0.3,0.537
[8/15],7.028,7.719,0.8996,1.0205,0.55,0.539
[9/15],7.489,7.696,1.0714,1.0256,0.6,0.545
[10/15],6.451,7.583,1.0236,1.0254,0.45,0.536
[11/15],6.966,7.531,1.1195,1.0333,0.55,0.537
[12/15],7.312,7.514,0.9972,1.0305,0.6,0.542
[13/15],7.698,7.527,0.996,1.028,0.55,0.543
[14/15],2.142,7.168,1.3685,1.0363,0.429,0.54
[0/15],8.291,8.291,0.9819,0.9819,0.55,0.55
[1/15],8.102,8.197,0.8988,0.9403,0.7,0.625
[2/15],7.347,7.913,0.8984,0.9264,0.55,0.6
[3/15],7.448,7.797,0.9858,0.9412,0.55,0.588
[4/15],7.697,7.777,0.9918,0.9513,0.55,0.58
[5/15],7.563,7.741,1.1213,0.9797,0.4,0.55
[6/15],7.34,7.684,0.9994,0.9825,0.6,0.557
[7/15],8.077,7.733,1.0813,0.9948,0.45,0.544
[8/15],7.174,7.671,1.1103,1.0077,0.5,0.539
[9/15],7.373,7.641,1.0795,1.0148,0.45,0.53
[10/15],7.232,7.604,1.1105,1.0235,0.5,0.527
[11/15],7.178,7.569,1.0223,1.0234,0.55,0.529
[12/15],9.314,7.703,0.8238,1.0081,0.65,0.538
[13/15],6.962,7.65,0.9004,1.0004,0.65,0.546
[14/15],2.892,7.333,1.0041,1.0005,0.714,0.551
[0/15],7.427,7.427,1.1638,1.1638,0.6,0.6
[1/15],7.635,7.531,1.0479,1.1058,0.4,0.5
[2/15],7.707,7.589,1.1735,1.1284,0.45,0.483
[3/15],6.849,7.404,1.123,1.127,0.6,0.512
[4/15],6.551,7.234,1.1242,1.1265,0.4,0.49
[5/15],7.472,7.273,0.942,1.0957,0.55,0.5
[6/15],7.462,7.3,0.9542,1.0755,0.5,0.5
[7/15],7.627,7.341,0.9489,1.0597,0.65,0.519
[8/15],6.903,7.293,1.245,1.0803,0.65,0.533
[9/15],7.845,7.348,0.9209,1.0643,0.65,0.545
[10/15],7.402,7.353,0.8609,1.0458,0.65,0.555
[11/15],7.016,7.325,1.2112,1.0596,0.45,0.546
[12/15],7.115,7.309,0.8524,1.0437,0.8,0.565
[13/15],8.264,7.377,1.0104,1.0413,0.5,0.561
[14/15],3.407,7.112,0.7289,1.0337,0.857,0.568
[0/15],6.778,6.778,1.3334,1.3334,0.4,0.4
[1/15],7.711,7.244,0.9592,1.1463,0.65,0.525
[2/15],7.682,7.39,0.9298,1.0741,0.55,0.533
[3/15],8.361,7.633,1.0246,1.0617,0.55,0.537
[4/15],8.54,7.814,0.9497,1.0393,0.6,0.55
[5/15],7.71,7.797,1.1437,1.0567,0.5,0.542
[6/15],7.364,7.735,0.9504,1.0415,0.5,0.536
[7/15],8.032,7.772,1.0659,1.0446,0.45,0.525
[8/15],7.661,7.76,1.208,1.0628,0.45,0.517
[9/15],7.725,7.756,1.0904,1.0655,0.55,0.52
[10/15],6.417,7.635,1.0259,1.0619,0.6,0.527
[11/15],6.06,7.503,1.4605,1.0951,0.4,0.517
[12/15],8.845,7.607,0.728,1.0669,0.7,0.531
[13/15],7.795,7.62,1.2314,1.0786,0.45,0.525
[14/15],2.981,7.311,1.0644,1.0783,0.429,0.523
[0/15],9.016,9.016,0.8486,0.8486,0.75,0.75
[1/15],9.072,9.044,0.9944,0.9215,0.5,0.625
[2/15],7.429,8.506,1.2357,1.0263,0.3,0.517
[3/15],9.049,8.641,0.8783,0.9893,0.55,0.525
[4/15],7.772,8.467,0.8738,0.9662,0.5,0.52
[5/15],8.446,8.464,0.7987,0.9383,0.65,0.542
[6/15],7.374,8.308,1.1164,0.9637,0.6,0.55
[7/15],9.505,8.458,1.0832,0.9786,0.55,0.55
[8/15],7.778,8.382,1.0289,0.9842,0.55,0.55
[9/15],8.054,8.349,0.9091,0.9767,0.6,0.555
[10/15],7.385,8.262,1.0957,0.9875,0.55,0.555
[11/15],7.214,8.175,1.2246,1.0073,0.6,0.558
[12/15],6.919,8.078,1.1247,1.0163,0.55,0.558
[13/15],6.91,7.994,1.0478,1.0186,0.6,0.561
[14/15],1.975,7.593,1.1383,1.0215,0.571,0.561
[0/15],7.81,7.81,0.9962,0.9962,0.6,0.6
[1/15],6.918,7.364,1.0088,1.0025,0.6,0.6
[2/15],9.317,8.015,0.9807,0.9953,0.6,0.6
[3/15],7.607,7.913,1.1688,1.0387,0.4,0.55
[4/15],7.622,7.855,0.821,0.9951,0.65,0.57
[5/15],7.394,7.778,0.7845,0.96,0.75,0.6
[6/15],7.851,7.789,1.15,0.9872,0.55,0.593
[7/15],8.039,7.82,0.9834,0.9867,0.65,0.6
[8/15],7.008,7.73,1.291,1.0205,0.45,0.583
[9/15],7.777,7.734,0.9688,1.0153,0.6,0.585
[10/15],7.367,7.701,0.8826,1.0033,0.7,0.595
[11/15],7.887,7.717,1.057,1.0077,0.5,0.588
[12/15],7.303,7.685,1.2412,1.0257,0.45,0.577
[13/15],6.806,7.622,0.9789,1.0224,0.65,0.582
[14/15],2.771,7.299,1.1407,1.0252,0.143,0.571
[0/15],6.627,6.627,1.0621,1.0621,0.6,0.6
[1/15],8.287,7.457,0.9135,0.9878,0.7,0.65
[2/15],7.858,7.591,1.25,1.0752,0.4,0.567
[3/15],7.381,7.538,0.9682,1.0485,0.65,0.588
[4/15],7.306,7.492,1.1741,1.0736,0.5,0.57
[5/15],6.841,7.383,1.0391,1.0678,0.5,0.558
[6/15],7.815,7.445,0.8483,1.0365,0.6,0.564
[7/15],8.039,7.519,1.1912,1.0558,0.5,0.556
[8/15],6.571,7.414,1.1121,1.0621,0.6,0.561
[9/15],7.329,7.405,1.0252,1.0584,0.65,0.57
[10/15],7.5,7.414,1.0614,1.0586,0.5,0.564
[11/15],6.922,7.373,1.1622,1.0673,0.4,0.55
[12/15],7.125,7.354,1.1069,1.0703,0.45,0.542
[13/15],8.511,7.437,0.9355,1.0607,0.7,0.554
[14/15],2.473,7.106,1.1777,1.0635,0.571,0.554
[0/15],9.167,9.167,0.8097,0.8097,0.65,0.65
[1/15],8.583,8.875,1.1616,0.9856,0.5,0.575
[2/15],9.04,8.93,0.9474,0.9729,0.6,0.583
[3/15],8.166,8.739,0.6355,0.8885,0.85,0.65
[4/15],9.14,8.819,1.0051,0.9118,0.65,0.65
[5/15],7.517,8.602,1.2411,0.9667,0.55,0.633
[6/15],9.134,8.678,0.7886,0.9413,0.75,0.65
[7/15],8.809,8.695,1.0081,0.9496,0.35,0.613
[8/15],7.399,8.551,1.1978,0.9772,0.45,0.594
[9/15],6.728,8.368,1.0137,0.9809,0.65,0.6
[10/15],8.36,8.368,1.0122,0.9837,0.65,0.605
[11/15],7.539,8.299,1.3324,1.0128,0.55,0.6
[12/15],7.651,8.249,1.0684,1.017,0.65,0.604
[13/15],6.21,8.103,1.4664,1.0491,0.45,0.593
[14/15],2.44,7.726,0.8487,1.0442,0.429,0.589
[0/15],7.825,7.825,0.8637,0.8637,0.65,0.65
[1/15],7.66,7.743,0.7874,0.8256,0.7,0.675
[2/15],7.674,7.72,0.9125,0.8545,0.55,0.633
[3/15],7.301,7.615,1.0003,0.891,0.65,0.637
[4/15],8.157,7.723,0.9126,0.8953,0.65,0.64
[5/15],7.325,7.657,1.3207,0.9662,0.6,0.633
[6/15],7.431,7.625,1.1276,0.9893,0.65,0.636
[7/15],7.94,7.664,1.3105,1.0294,0.5,0.619
[8/15],7.797,7.679,0.8517,1.0097,0.55,0.611
[9/15],7.631,7.674,1.1711,1.0258,0.45,0.595
[10/15],6.868,7.601,0.9376,1.0178,0.65,0.6
[11/15],8.238,7.654,0.9788,1.0146,0.75,0.613
[12/15],7.861,7.67,0.9737,1.0114,0.55,0.608
[13/15],7.803,7.679,0.8946,1.0031,0.6,0.607
[14/15],3.251,7.384,0.9627,1.0021,0.714,0.61
[0/15],7.217,7.217,0.9717,0.9717,0.6,0.6
[1/15],7.353,7.285,1.0962,1.034,0.6,0.6
[2/15],7.364,7.311,1.0299,1.0326,0.5,0.567
[3/15],7.04,7.243,1.0447,1.0357,0.45,0.537
[4/15],8.059,7.407,0.9478,1.0181,0.8,0.59
[5/15],7.448,7.413,0.8527,0.9905,0.65,0.6
[6/15],8.547,7.575,0.8393,0.9689,0.65,0.607
[7/15],7.626,7.582,1.017,0.9749,0.7,0.619
[8/15],7.006,7.518,0.9951,0.9772,0.6,0.617
[9/15],7.305,7.497,1.2561,1.0051,0.55,0.61
[10/15],7.736,7.518,1.0031,1.0049,0.35,0.586
[11/15],7.488,7.516,1.1276,1.0151,0.5,0.579
[12/15],8.081,7.559,0.994,1.0135,0.45,0.569
[13/15],7.29,7.54,0.9842,1.0114,0.4,0.557
[14/15],2.465,7.202,0.9595,1.0101,0.857,0.564
[0/15],7.717,7.717,1.2184,1.2184,0.3,0.3
[1/15],7.539,7.628,0.8302,1.0243,0.65,0.475
[2/15],8.203,7.82,1.0485,1.0324,0.5,0.483
[3/15],7.175,7.659,0.8869,0.996,0.7,0.537
[4/15],7.084,7.544,1.0053,0.9979,0.55,0.54
[5/15],7.361,7.513,0.8116,0.9668,0.65,0.558
[6/15],6.602,7.383,0.7811,0.9403,0.7,0.579
[7/15],6.527,7.276,0.9119,0.9368,0.75,0.6
[8/15],6.543,7.195,0.8848,0.931,0.55,0.594
[9/15],7.131,7.188,1.0834,0.9462,0.5,0.585
[10/15],8.106,7.272,1.1726,0.9668,0.45,0.573
[11/15],7.896,7.324,1.5049,1.0116,0.35,0.554
[12/15],7.383,7.328,1.2359,1.0289,0.6,0.558
[13/15],6.992,7.304,0.8954,1.0194,0.6,0.561
[14/15],2.249,6.967,1.0811,1.0209,0.571,0.561
[0/15],6.592,6.592,1.1857,1.1857,0.7,0.7
[1/15],7.079,6.836,0.9893,1.0875,0.5,0.6
[2/15],6.271,6.648,1.5483,1.2411,0.35,0.517
[3/15],7.089,6.758,0.8693,1.1481,0.55,0.525
[4/15],8.776,7.162,0.9305,1.1046,0.4,0.5
[5/15],6.972,7.13,1.0734,1.0994,0.5,0.5
[6/15],6.961,7.106,1.1363,1.1047,0.55,0.507
[7/15],8.272,7.252,1.0962,1.1036,0.55,0.512
[8/15],7.618,7.292,0.7657,1.0661,0.55,0.517
[9/15],7.714,7.334,0.8448,1.044,0.65,0.53
[10/15],7.221,7.324,1.2849,1.0659,0.35,0.514
[11/15],7.734,7.358,1.1313,1.0713,0.5,0.512
[12/15],6.735,7.31,1.0075,1.0664,0.7,0.527
[13/15],7.288,7.309,1.329,1.0852,0.45,0.521
[14/15],2.138,6.964,1.2468,1.0891,0.571,0.523
[0/15],7.848,7.848,1.0038,1.0038,0.4,0.4
[1/15],6.734,7.291,1.3903,1.1971,0.4,0.4
[2/15],7.646,7.409,1.3243,1.2395,0.5,0.433
[3/15],7.353,7.395,0.9569,1.1688,0.45,0.438
[4/15],7.474,7.411,1.69,1.2731,0.3,0.41
[5/15],6.04,7.183,0.9368,1.217,0.65,0.45
[6/15],7.218,7.188,1.0891,1.1987,0.55,0.464
[7/15],7.072,7.173,1.2564,1.206,0.5,0.469
[8/15],7.438,7.203,0.9844,1.1813,0.7,0.494
[9/15],7.396,7.222,0.9117,1.1544,0.7,0.515
[10/15],7.801,7.275,1.1197,1.1512,0.55,0.518
[11/15],7.18,7.267,1.2143,1.1565,0.55,0.521
[12/15],8.271,7.344,0.9541,1.1409,0.75,0.538
[13/15],7.659,7.366,1.3241,1.154,0.4,0.529
[14/15],2.267,7.027,1.4225,1.1606,0.714,0.533
[0/15],6.721,6.721,1.4698,1.4698,0.5,0.5
[1/15],6.8,6.761,1.2327,1.3513,0.55,0.525
[2/15],7.639,7.053,0.9828,1.2284,0.7,0.583
[3/15],8.706,7.466,1.0235,1.1772,0.4,0.537
[4/15],8.371,7.647,1.1089,1.1635,0.55,0.54
[5/15],7.05,7.548,1.3675,1.1975,0.45,0.525
[6/15],7.098,7.484,0.7391,1.1321,0.7,0.55
[7/15],8.459,7.605,1.1601,1.1356,0.5,0.544
[8/15],7.205,7.561,1.1912,1.1417,0.5,0.539
[9/15],7.035,7.508,1.5764,1.1852,0.4,0.525
[10/15],7.996,7.553,1.0774,1.1754,0.45,0.518
[11/15],6.787,7.489,0.7905,1.1433,0.55,0.521
[12/15],6.922,7.445,0.7193,1.1107,0.7,0.535
[13/15],8.948,7.553,0.8032,1.0887,0.7,0.546
[14/15],3.133,7.258,1.9687,1.1102,0.143,0.537
[0/15],7.406,7.406,0.8933,0.8933,0.7,0.7
[1/15],7.017,7.211,1.247,1.0702,0.55,0.625
[2/15],7.266,7.229,1.5943,1.2449,0.35,0.533
[3/15],8.167,7.464,1.1371,1.2179,0.55,0.537
[4/15],9.671,7.905,1.5064,1.2756,0.25,0.48
[5/15],7.595,7.854,1.2468,1.2708,0.5,0.483
[6/15],7.23,7.764,1.0804,1.2436,0.5,0.486
[7/15],7.99,7.793,1.1714,1.2346,0.65,0.506
[8/15],8.177,7.835,1.21,1.2319,0.45,0.5
[9/15],6.826,7.734,0.8353,1.1922,0.7,0.52
[10/15],8.088,7.766,1.1672,1.1899,0.6,0.527
[11/15],6.629,7.672,0.9561,1.1704,0.6,0.533
[12/15],7.292,7.642,1.1749,1.1708,0.55,0.535
[13/15],8.036,7.671,0.9963,1.1583,0.55,0.536
[14/15],2.274,7.311,1.4892,1.1664,0.429,0.533
[0/15],7.183,7.183,1.3393,1.3393,0.55,0.55
[1/15],7.659,7.421,1.1902,1.2647,0.6,0.575
[2/15],8.139,7.66,0.8406,1.1234,0.7,0.617
[3/15],7.636,7.654,0.8539,1.056,0.8,0.662
[4/15],7.833,7.69,1.219,1.0886,0.65,0.66
[5/15],8.223,7.779,1.1239,1.0945,0.45,0.625
[6/15],7.328,7.714,1.4175,1.1406,0.45,0.6
[7/15],6.862,7.608,1.3741,1.1698,0.35,0.569
[8/15],7.416,7.586,0.9235,1.1424,0.65,0.578
[9/15],7.3,7.558,0.9814,1.1263,0.5,0.57
[10/15],7.852,7.585,1.2784,1.1402,0.55,0.568
[11/15],7.169,7.55,1.3435,1.1571,0.4,0.554
[12/15],7.722,7.563,1.2102,1.1612,0.6,0.558
[13/15],7.423,7.553,0.9663,1.1473,0.5,0.554
[14/15],2.417,7.211,0.6377,1.1348,0.571,0.554
[0/15],7.945,7.945,0.96,0.96,0.4,0.4
[1/15],7.439,7.692,1.0374,0.9987,0.6,0.5
[2/15],7.564,7.65,1.4521,1.1498,0.5,0.5
[3/15],7.081,7.507,1.363,1.2031,0.45,0.487
[4/15],8.598,7.726,1.257,1.2139,0.4,0.47
[5/15],7.195,7.637,1.3205,1.2317,0.5,0.475
[6/15],8.986,7.83,1.1422,1.2189,0.4,0.464
[7/15],7.266,7.759,1.658,1.2738,0.4,0.456
[8/15],7.872,7.772,0.732,1.2136,0.7,0.483
[9/15],8.142,7.809,1.405,1.2327,0.45,0.48
[10/15],7.659,7.795,1.205,1.2302,0.5,0.482
[11/15],6.223,7.664,0.9146,1.2039,0.55,0.487
[12/15],6.673,7.588,1.2612,1.2083,0.5,0.488
[13/15],7.431,7.577,1.1355,1.2031,0.65,0.5
[14/15],2.709,7.252,1.0181,1.1986,0.571,0.502
[0/15],16.343,16.343,1.4518,1.4518,0.5,0.5
[1/15],14.71,15.527,1.207,1.3294,0.5,0.5
[2/15],7.507,12.854,0.9255,1.1948,0.65,0.55
[3/15],7.696,11.564,1.2819,1.2165,0.55,0.55
[4/15],8.033,10.858,1.3587,1.245,0.4,0.52
[5/15],8.518,10.468,1.3851,1.2683,0.35,0.492
[6/15],7.044,9.979,1.2215,1.2616,0.4,0.479
[7/15],7.641,9.687,1.0881,1.2399,0.5,0.481
[8/15],8.012,9.501,0.9545,1.2082,0.6,0.494
[9/15],7.397,9.29,1.423,1.2297,0.35,0.48
[10/15],7.503,9.128,1.2392,1.2306,0.5,0.482
[11/15],8.07,9.04,0.9146,1.2042,0.65,0.496
[12/15],7.735,8.939,1.1598,1.2008,0.5,0.496
[13/15],8.187,8.885,1.1489,1.1971,0.65,0.507
[14/15],2.615,8.467,0.9747,1.1917,0.429,0.505
[0/15],8.39,8.39,1.0295,1.0295,0.55,0.55
[1/15],9.236,8.813,1.0031,1.0163,0.5,0.525
[2/15],9.505,9.044,1.1262,1.0529,0.3,0.45
[3/15],8.45,8.895,1.3706,1.1323,0.4,0.438
[4/15],7.72,8.66,1.5155,1.209,0.3,0.41
[5/15],8.091,8.566,1.2014,1.2077,0.65,0.45
[6/15],9.714,8.73,1.4536,1.2428,0.3,0.429
[7/15],8.884,8.749,1.1215,1.2277,0.35,0.419
[8/15],8.34,8.703,1.2743,1.2328,0.5,0.428
[9/15],7.44,8.577,1.3573,1.2453,0.5,0.435
[10/15],8.126,8.536,1.0467,1.2272,0.55,0.445
[11/15],7.503,8.45,1.3238,1.2353,0.65,0.463
[12/15],7.462,8.374,1.5184,1.2571,0.5,0.465
[13/15],6.605,8.248,1.4635,1.2718,0.3,0.454
[14/15],2.891,7.89,1.3477,1.2737,0.571,0.456
[0/15],8.25,8.25,0.7996,0.7996,0.7,0.7
[1/15],8.037,8.143,1.4494,1.1245,0.5,0.6
[2/15],7.673,7.987,1.5339,1.2609,0.4,0.533
[3/15],8.128,8.022,0.8411,1.156,0.65,0.562
[4/15],8.184,8.054,1.0425,1.1333,0.7,0.59
[5/15],7.005,7.879,1.9615,1.2713,0.35,0.55
[6/15],7.596,7.839,1.2995,1.2754,0.5,0.543
[7/15],7.717,7.824,1.3449,1.284,0.35,0.519
[8/15],8.468,7.895,1.3919,1.296,0.35,0.5
[9/15],6,7.706,1.3342,1.2998,0.45,0.495
[10/15],7.136,7.654,1.2448,1.2948,0.45,0.491
[11/15],7.704,7.658,1.2429,1.2905,0.6,0.5
[12/15],7.6,7.654,1.5263,1.3087,0.4,0.492
[13/15],7.899,7.671,1.1955,1.3006,0.5,0.493
[14/15],2.912,7.354,1.4957,1.3053,0.143,0.484
[0/15],9.394,9.394,1.4535,1.4535,0.45,0.45
[1/15],8.928,9.161,1.299,1.3762,0.55,0.5
[2/15],8.779,9.034,1.4049,1.3858,0.55,0.517
[3/15],8.748,8.963,1.1245,1.3205,0.35,0.475
[4/15],8.542,8.878,1.0097,1.2583,0.4,0.46
[5/15],7.411,8.634,1.3522,1.274,0.45,0.458
[6/15],8.548,8.622,1.1622,1.258,0.5,0.464
[7/15],8.904,8.657,1.0197,1.2282,0.5,0.469
[8/15],10.657,8.879,1.001,1.203,0.5,0.472
[9/15],8.437,8.835,1.4603,1.2287,0.45,0.47
[10/15],7.701,8.732,1.4749,1.2511,0.6,0.482
[11/15],6.482,8.544,1.8145,1.298,0.4,0.475
[12/15],8.845,8.568,1.0835,1.2815,0.65,0.488
[13/15],7.759,8.51,0.9572,1.2584,0.7,0.504
[14/15],1.699,8.056,2.3862,1.2859,0.286,0.498
[0/15],6.56,6.56,1.4312,1.4312,0.5,0.5
[1/15],7.96,7.26,1.1249,1.2781,0.5,0.5
[2/15],7.799,7.44,1.6713,1.4091,0.55,0.517
[3/15],7.269,7.397,1.7675,1.4987,0.4,0.487
[4/15],9.55,7.828,0.9369,1.3864,0.6,0.51
[5/15],8.075,7.869,1.0789,1.3351,0.6,0.525
[6/15],7.879,7.87,1.3451,1.3365,0.55,0.529
[7/15],7.744,7.854,1.7268,1.3853,0.5,0.525
[8/15],7.558,7.821,1.087,1.3522,0.5,0.522
[9/15],7.725,7.812,1.1652,1.3335,0.45,0.515
[10/15],8.57,7.881,1.5675,1.3548,0.4,0.505
[11/15],7.988,7.89,0.7862,1.3074,0.65,0.517
[12/15],7.61,7.868,0.9651,1.2811,0.7,0.531
[13/15],6.889,7.798,1.4417,1.2925,0.4,0.521
[14/15],2.924,7.473,1.1592,1.2893,0.571,0.523
[0/15],7.172,7.172,1.0915,1.0915,0.55,0.55
[1/15],7.366,7.269,1.458,1.2748,0.45,0.5
[2/15],6.98,7.173,1.5339,1.3611,0.4,0.467
[3/15],7.862,7.345,0.9737,1.2643,0.5,0.475
[4/15],8.152,7.506,1.2723,1.2659,0.45,0.47
[5/15],8.124,7.609,1.6934,1.3371,0.25,0.433
[6/15],8.161,7.688,1.2482,1.3244,0.7,0.471
[7/15],7.693,7.689,1.1412,1.3015,0.6,0.487
[8/15],8.546,7.784,1.3538,1.3073,0.6,0.5
[9/15],6.982,7.704,1.5963,1.3362,0.4,0.49
[10/15],8.091,7.739,1.4789,1.3492,0.4,0.482
[11/15],8.244,7.781,1.4919,1.3611,0.3,0.467
[12/15],7.07,7.726,1.9456,1.406,0.4,0.462
[13/15],8.249,7.764,1.6058,1.4203,0.4,0.457
[14/15],3.136,7.455,1.6434,1.4258,0.429,0.456
[0/15],9.955,9.955,1.5956,1.5956,0.6,0.6
[1/15],8.837,9.396,1.8611,1.7283,0.4,0.5
[2/15],10.239,9.677,1.2203,1.559,0.5,0.5
[3/15],8.483,9.378,1.1263,1.4508,0.6,0.525
[4/15],9.5,9.403,1.3571,1.4321,0.55,0.53
[5/15],8.397,9.235,1.43,1.4317,0.45,0.517
[6/15],7.798,9.03,2.1041,1.5278,0.4,0.5
[7/15],7.486,8.837,1.6712,1.5457,0.5,0.5
[8/15],8.337,8.781,1.0539,1.4911,0.45,0.494
[9/15],7.724,8.676,1.3472,1.4767,0.5,0.495
[10/15],7.998,8.614,1.3511,1.4653,0.6,0.505
[11/15],9.506,8.688,1.4283,1.4622,0.4,0.496
[12/15],7.487,8.596,1.0678,1.4318,0.55,0.5
[13/15],7.688,8.531,1.0788,1.4066,0.4,0.493
[14/15],2.862,8.153,1.3156,1.4044,0.571,0.495
[0/15],7.802,7.802,1.2724,1.2724,0.5,0.5
[1/15],7.874,7.838,2.006,1.6392,0.45,0.475
[2/15],8.344,8.006,1.7387,1.6724,0.55,0.5
[3/15],9.018,8.259,1.9316,1.7372,0.5,0.5
[4/15],9.671,8.542,1.3135,1.6524,0.5,0.5
[5/15],9.083,8.632,1.0205,1.5471,0.55,0.508
[6/15],10.81,8.943,1.0515,1.4763,0.65,0.529
[7/15],9.432,9.004,1.9262,1.5326,0.35,0.506
[8/15],8.406,8.938,1.2523,1.5014,0.55,0.511
[9/15],8.783,8.922,1.7199,1.5233,0.2,0.48
[10/15],9.173,8.945,1.9412,1.5613,0.3,0.464
[11/15],9.485,8.99,1.5005,1.5562,0.35,0.454
[12/15],8.341,8.94,1.0697,1.5188,0.65,0.469
[13/15],8.624,8.918,1.62,1.526,0.45,0.468
[14/15],3.298,8.543,1.824,1.5333,0.286,0.463
[0/15],8.777,8.777,1.4916,1.4916,0.5,0.5
[1/15],10.748,9.762,1.2879,1.3898,0.45,0.475
[2/15],10.81,10.112,1.285,1.3548,0.4,0.45
[3/15],8.981,9.829,1.8729,1.4844,0.4,0.438
[4/15],8.595,9.582,1.2513,1.4378,0.4,0.43
[5/15],9.602,9.585,1.6563,1.4742,0.5,0.442
[6/15],9.09,9.515,1.4372,1.4689,0.4,0.436
[7/15],9.727,9.541,1.995,1.5347,0.2,0.406
[8/15],9.418,9.527,1.6717,1.5499,0.3,0.394
[9/15],10.265,9.601,2.073,1.6022,0.5,0.405
[10/15],8.589,9.509,1.8814,1.6276,0.3,0.395
[11/15],8.438,9.42,1.9066,1.6508,0.4,0.396
[12/15],7.838,9.298,1.479,1.6376,0.4,0.396
[13/15],8.663,9.253,0.8098,1.5785,0.7,0.418
[14/15],3.675,8.881,1.4542,1.5755,0.429,0.418
[0/15],11.561,11.561,1.8122,1.8122,0.45,0.45
[1/15],11.404,11.482,1.7165,1.7643,0.5,0.475
[2/15],10.447,11.137,2.6977,2.0755,0.5,0.483
[3/15],8.765,10.544,1.1333,1.8399,0.6,0.512
[4/15],8.812,10.198,1.7683,1.8256,0.6,0.53
[5/15],9.998,10.164,1.2575,1.7309,0.45,0.517
[6/15],8.644,9.947,1.4925,1.6969,0.55,0.521
[7/15],9.066,9.837,2.2407,1.7648,0.5,0.519
[8/15],11.025,9.969,0.7688,1.6542,0.7,0.539
[9/15],9.695,9.942,1.2797,1.6167,0.5,0.535
[10/15],8.908,9.848,1.5671,1.6122,0.5,0.532
[11/15],9.934,9.855,2.2762,1.6675,0.5,0.529
[12/15],10.469,9.902,1.9825,1.6918,0.5,0.527
[13/15],10.605,9.952,2.3866,1.7414,0.15,0.5
[14/15],3.333,9.511,0.9506,1.7221,0.571,0.502
[0/15],9.558,9.558,2.251,2.251,0.35,0.35
[1/15],9.343,9.451,3.0013,2.6261,0.45,0.4
[2/15],9.665,9.522,1.4496,2.234,0.4,0.4
[3/15],9.686,9.563,1.5699,2.0679,0.35,0.388
[4/15],10.005,9.651,1.9986,2.0541,0.25,0.36
[5/15],10.364,9.77,2.603,2.1456,0.4,0.367
[6/15],10.047,9.81,1.2565,2.0186,0.35,0.364
[7/15],8.941,9.701,2.1605,2.0363,0.3,0.356
[8/15],8.848,9.606,1.34,1.9589,0.3,0.35
[9/15],9.441,9.59,1.1724,1.8803,0.45,0.36
[10/15],8.452,9.486,2.1716,1.9068,0.4,0.364
[11/15],9.084,9.453,1.959,1.9111,0.2,0.35
[12/15],9.713,9.473,1.8032,1.9028,0.4,0.354
[13/15],9.625,9.484,1.8159,1.8966,0.35,0.354
[14/15],3.292,9.071,0.7222,1.868,0.571,0.359
[0/15],11.397,11.397,1.9563,1.9563,0.4,0.4
[1/15],10.469,10.933,1.9172,1.9367,0.4,0.4
[2/15],11.195,11.02,2.0941,1.9892,0.3,0.367
[3/15],10.11,10.793,1.7992,1.9417,0.45,0.388
[4/15],10.437,10.722,3.6665,2.2866,0.25,0.36
[5/15],9.484,10.515,2.0184,2.2419,0.35,0.358
[6/15],10.268,10.48,2.2714,2.2462,0.45,0.371
[7/15],10.753,10.514,1.7657,2.1861,0.2,0.35
[8/15],9.13,10.36,1.9395,2.1587,0.5,0.367
[9/15],9.875,10.312,1.7233,2.1152,0.45,0.375
[10/15],9.615,10.248,1.797,2.0862,0.4,0.377
[11/15],8.963,10.141,1.505,2.0378,0.6,0.396
[12/15],9.433,10.087,1.9679,2.0324,0.25,0.385
[13/15],9.44,10.041,1.7995,2.0158,0.35,0.382
[14/15],2.748,9.554,1.4415,2.0018,0.143,0.376
[0/15],9.479,9.479,2.3908,2.3908,0.2,0.2
[1/15],10.057,9.768,2.1683,2.2795,0.2,0.2
[2/15],9.502,9.68,1.7817,2.1136,0.45,0.283
[3/15],9.795,9.709,1.738,2.0197,0.35,0.3
[4/15],9.45,9.657,1.3097,1.8777,0.5,0.34
[5/15],9.055,9.557,1.5595,1.8247,0.45,0.358
[6/15],9.538,9.554,1.8128,1.823,0.35,0.357
[7/15],9.046,9.49,2.2586,1.8774,0.25,0.344
[8/15],11.343,9.696,2.1914,1.9123,0.35,0.344
[9/15],8.846,9.611,2.2508,1.9462,0.35,0.345
[10/15],9.692,9.619,2.2034,1.9695,0.15,0.327
[11/15],8.068,9.489,2.9544,2.0516,0.25,0.321
[12/15],8.263,9.395,1.8054,2.0327,0.35,0.323
[13/15],9.678,9.415,1.61,2.0025,0.3,0.321
[14/15],4.161,9.065,2.065,2.004,0.143,0.317
[0/15],9.458,9.458,1.2871,1.2871,0.55,0.55
[1/15],10.975,10.217,2.5848,1.936,0.4,0.475
[2/15],10.697,10.377,1.3966,1.7562,0.6,0.517
[3/15],9.861,10.248,2.7273,1.9989,0.4,0.487
[4/15],9.357,10.07,1.9238,1.9839,0.6,0.51
[5/15],10.705,10.176,2.2185,2.023,0.4,0.492
[6/15],10.858,10.273,1.9591,2.0139,0.35,0.471
[7/15],9.425,10.167,1.861,1.9948,0.45,0.469
[8/15],9.601,10.104,1.7806,1.971,0.5,0.472
[9/15],10.106,10.104,1.4514,1.919,0.5,0.475
[10/15],10.445,10.135,1.3094,1.8636,0.45,0.473
[11/15],10.372,10.155,2.5706,1.9225,0.3,0.458
[12/15],10.647,10.193,1.2631,1.8718,0.5,0.462
[13/15],9.246,10.125,2.5368,1.9193,0.6,0.471
[14/15],2.398,9.61,2.249,1.9273,0.286,0.467
[0/15],8.856,8.856,1.9753,1.9753,0.4,0.4
[1/15],9.921,9.389,2.0315,2.0034,0.45,0.425
[2/15],10.68,9.819,2.1426,2.0498,0.5,0.45
[3/15],9.957,9.854,1.8602,2.0024,0.25,0.4
[4/15],10.222,9.927,2.1313,2.0282,0.35,0.39
[5/15],8.174,9.635,2.4448,2.0976,0.5,0.408
[6/15],9.936,9.678,2.1408,2.1038,0.4,0.407
[7/15],9.285,9.629,1.5204,2.0309,0.55,0.425
[8/15],10.479,9.723,1.6034,1.9834,0.55,0.439
[9/15],9.612,9.712,2.1349,1.9985,0.5,0.445
[10/15],8.065,9.563,3.2737,2.1144,0.3,0.432
[11/15],9.658,9.57,2.3658,2.1354,0.45,0.433
[12/15],9.221,9.544,2.1828,2.139,0.45,0.435
[13/15],8.475,9.467,2.2727,2.1486,0.35,0.429
[14/15],3.351,9.06,1.5552,2.1341,0.571,0.432
[0/15],10.969,10.969,2.3038,2.3038,0.35,0.35
[1/15],10.97,10.969,1.6048,1.9543,0.55,0.45
[2/15],10.201,10.713,2.4753,2.128,0.4,0.433
[3/15],10.237,10.594,2.2818,2.1664,0.3,0.4
[4/15],9.83,10.441,1.5436,2.0419,0.45,0.41
[5/15],10.249,10.409,2.7592,2.1614,0.4,0.408
[6/15],11.015,10.496,1.2599,2.0326,0.6,0.436
[7/15],9.933,10.425,1.7633,1.999,0.6,0.456
[8/15],9.286,10.299,2.3354,2.0363,0.55,0.467
[9/15],9.855,10.255,2.736,2.1063,0.4,0.46
[10/15],9.613,10.196,2.3748,2.1307,0.4,0.455
[11/15],10.247,10.2,2.2919,2.1442,0.45,0.454
[12/15],9.544,10.15,4.1547,2.2988,0.25,0.438
[13/15],9.493,10.103,1.8437,2.2663,0.45,0.439
[14/15],3.107,9.637,1.7535,2.2538,0.143,0.432
[0/15],8.822,8.822,2.9116,2.9116,0.35,0.35
[1/15],9.841,9.331,2.1869,2.5493,0.3,0.325
[2/15],10.437,9.7,2.0397,2.3794,0.5,0.383
[3/15],8.622,9.43,1.8371,2.2438,0.55,0.425
[4/15],9.705,9.485,2.5263,2.3003,0.35,0.41
[5/15],8.653,9.347,2.8382,2.39,0.45,0.417
[6/15],8.943,9.289,2.434,2.3963,0.35,0.407
[7/15],9.242,9.283,3.503,2.5346,0.25,0.388
[8/15],9.664,9.325,3.305,2.6202,0.35,0.383
[9/15],9.217,9.315,3.1357,2.6717,0.4,0.385
[10/15],8.791,9.267,1.6232,2.5764,0.4,0.386
[11/15],11.038,9.415,2.5186,2.5716,0.3,0.379
[12/15],8.723,9.361,2.4693,2.5637,0.6,0.396
[13/15],10.363,9.433,1.8707,2.5142,0.45,0.4
[14/15],3.784,9.056,1.5694,2.4912,0.571,0.404
[0/15],10.272,10.272,2.0405,2.0405,0.4,0.4
[1/15],10.922,10.597,1.2282,1.6344,0.5,0.45
[2/15],10.477,10.557,1.5431,1.6039,0.45,0.45
[3/15],9.976,10.412,1.7083,1.63,0.4,0.438
[4/15],11.171,10.563,2.1393,1.7319,0.45,0.44
[5/15],10.54,10.559,2.7846,1.9073,0.5,0.45
[6/15],9.834,10.456,2.2273,1.953,0.35,0.436
[7/15],9.873,10.383,1.6378,1.9136,0.4,0.431
[8/15],8.707,10.197,1.5251,1.8705,0.25,0.411
[9/15],9.709,10.148,1.9177,1.8752,0.25,0.395
[10/15],8.7,10.016,4.0001,2.0684,0.3,0.386
[11/15],9.694,9.989,3.1557,2.159,0.3,0.379
[12/15],9.889,9.982,2.2609,2.1668,0.3,0.373
[13/15],10.342,10.008,1.8139,2.1416,0.55,0.386
[14/15],4.283,9.626,2.4238,2.1485,0.429,0.387
[0/15],8.957,8.957,1.3465,1.3465,0.55,0.55
[1/15],10.526,9.741,1.9539,1.6502,0.5,0.525
[2/15],9.873,9.785,1.4168,1.5724,0.45,0.5
[3/15],9.826,9.796,2.6378,1.8387,0.35,0.463
[4/15],8.897,9.616,2.6669,2.0044,0.25,0.42
[5/15],9.917,9.666,2.5374,2.0932,0.3,0.4
[6/15],8.666,9.523,2.6136,2.1676,0.4,0.4
[7/15],9.301,9.495,3.3677,2.3176,0.3,0.388
[8/15],9.296,9.473,5.1116,2.628,0.25,0.372
[9/15],9.651,9.491,2.3403,2.5993,0.45,0.38
[10/15],8.984,9.445,1.3697,2.4875,0.5,0.391
[11/15],10.121,9.501,1.5371,2.4083,0.55,0.404
[12/15],9.348,9.489,2.9073,2.4467,0.35,0.4
[13/15],8.837,9.443,1.7583,2.3975,0.25,0.389
[14/15],3.984,9.079,1.5404,2.3766,0.429,0.39
[0/15],11.962,11.962,1.3284,1.3284,0.5,0.5
[1/15],11.782,11.872,1.0483,1.1884,0.6,0.55
[2/15],10.533,11.426,1.4331,1.2699,0.4,0.5
[3/15],9.971,11.062,2.4967,1.5766,0.4,0.475
[4/15],9.671,10.784,2.9002,1.8413,0.4,0.46
[5/15],9.616,10.589,2.0837,1.8817,0.45,0.458
[6/15],9.628,10.452,2.65,1.9915,0.5,0.464
[7/15],10.038,10.4,2.52,2.0576,0.3,0.444
[8/15],9.711,10.324,2.1111,2.0635,0.35,0.433
[9/15],9.325,10.224,2.6242,2.1196,0.4,0.43
[10/15],9.836,10.189,1.9029,2.0999,0.45,0.432
[11/15],9.051,10.094,3.3756,2.2062,0.35,0.425
[12/15],9.734,10.066,1.8126,2.1759,0.55,0.435
[13/15],9.954,10.058,2.3669,2.1895,0.55,0.443
[14/15],3.321,9.609,2.9956,2.2092,0.429,0.443
[0/15],9.822,9.822,2.7353,2.7353,0.4,0.4
[1/15],8.774,9.298,2.2807,2.508,0.5,0.45
[2/15],9.401,9.332,2.329,2.4483,0.35,0.417
[3/15],9.591,9.397,1.6329,2.2445,0.6,0.463
[4/15],9.504,9.418,2.4139,2.2784,0.6,0.49
[5/15],9.099,9.365,2.3675,2.2932,0.45,0.483
[6/15],9.426,9.374,3.0786,2.4054,0.3,0.457
[7/15],9.462,9.385,3.0568,2.4868,0.4,0.45
[8/15],9.775,9.428,1.9169,2.4235,0.5,0.456
[9/15],8.669,9.352,2.8359,2.4648,0.35,0.445
[10/15],9.387,9.356,3.155,2.5275,0.3,0.432
[11/15],10.771,9.474,2.3632,2.5138,0.45,0.433
[12/15],9.399,9.468,2.7915,2.5352,0.35,0.427
[13/15],10.009,9.507,2.8435,2.5572,0.3,0.418
[14/15],3.38,9.098,1.0421,2.5202,0.571,0.422
[0/15],11.468,11.468,2.0008,2.0008,0.55,0.55
[1/15],10.495,10.982,2.0618,2.0313,0.55,0.55
[2/15],10.033,10.666,2.953,2.3385,0.5,0.533
[3/15],9.363,10.34,3.5694,2.6462,0.45,0.512
[4/15],10.626,10.397,1.9627,2.5095,0.6,0.53
[5/15],9.41,10.232,3.2742,2.637,0.35,0.5
[6/15],10.64,10.291,4.3091,2.8758,0.2,0.457
[7/15],9.797,10.229,2.1845,2.7894,0.45,0.456
[8/15],10.313,10.238,2.4272,2.7492,0.35,0.444
[9/15],11.026,10.317,2.3569,2.71,0.35,0.435
[10/15],9.752,10.266,1.1424,2.5675,0.6,0.45
[11/15],9.924,10.237,2.805,2.5873,0.4,0.446
[12/15],9.204,10.158,2.3198,2.5667,0.4,0.442
[13/15],8.321,10.027,1.4613,2.4877,0.65,0.457
[14/15],3.605,9.598,1.1487,2.4551,0.429,0.456
[0/15],9.852,9.852,2.3214,2.3214,0.5,0.5
[1/15],9.356,9.604,3.137,2.7292,0.45,0.475
[2/15],10.047,9.752,2.8517,2.77,0.5,0.483
[3/15],8.479,9.434,3.9294,3.0599,0.4,0.463
[4/15],9.754,9.498,2.7463,2.9972,0.4,0.45
[5/15],10.89,9.73,2.01,2.8326,0.45,0.45
[6/15],8.337,9.531,3.1336,2.8756,0.25,0.421
[7/15],8.762,9.435,1.404,2.6917,0.5,0.431
[8/15],9.761,9.471,3.0069,2.7267,0.15,0.4
[9/15],10.471,9.571,2.3237,2.6864,0.55,0.415
[10/15],8.385,9.463,2.9449,2.7099,0.4,0.414
[11/15],9.752,9.487,2.8717,2.7234,0.3,0.404
[12/15],10.001,9.527,1.9229,2.6618,0.5,0.412
[13/15],9.405,9.518,2.0041,2.6148,0.6,0.425
[14/15],2.767,9.068,3.2417,2.6301,0,0.415
[0/15],10.946,10.946,3.0843,3.0843,0.4,0.4
[1/15],11.328,11.137,2.7355,2.9099,0.35,0.375
[2/15],9.649,10.641,3.0627,2.9608,0.3,0.35
[3/15],11.33,10.813,1.5761,2.6147,0.55,0.4
[4/15],9.66,10.583,2.4248,2.5767,0.35,0.39
[5/15],10.411,10.554,1.709,2.4321,0.3,0.375
[6/15],10.216,10.506,1.3417,2.2763,0.4,0.379
[7/15],10.282,10.478,2.9069,2.3551,0.6,0.406
[8/15],8.409,10.248,1.8163,2.2953,0.3,0.394
[9/15],9.745,10.198,2.5657,2.3223,0.3,0.385
[10/15],9.018,10.09,2.4948,2.338,0.45,0.391
[11/15],10.243,10.103,2.9957,2.3928,0.35,0.388
[12/15],9.662,10.069,2.46,2.398,0.4,0.388
[13/15],9.966,10.062,4.558,2.5522,0.1,0.368
[14/15],3.431,9.62,2.0798,2.5407,0.143,0.362
[0/15],10.364,10.364,2.7383,2.7383,0.35,0.35
[1/15],10.85,10.607,2.505,2.6216,0.5,0.425
[2/15],8.391,9.868,2.428,2.5571,0.5,0.45
[3/15],10.431,10.009,1.9241,2.3988,0.45,0.45
[4/15],9.514,9.91,2.6213,2.4433,0.5,0.46
[5/15],9.549,9.85,4.009,2.7043,0.2,0.417
[6/15],9.438,9.791,2.5507,2.6823,0.3,0.4
[7/15],8.639,9.647,3.5859,2.7953,0.4,0.4
[8/15],9.634,9.646,3.076,2.8265,0.35,0.394
[9/15],8.807,9.562,2.8166,2.8255,0.4,0.395
[10/15],9.601,9.565,4.4651,2.9746,0.4,0.395
[11/15],10.109,9.611,2.0252,2.8954,0.5,0.404
[12/15],9.053,9.568,2.9823,2.9021,0.2,0.388
[13/15],8.772,9.511,2.9415,2.9049,0.25,0.379
[14/15],3.593,9.116,3.2974,2.9145,0.286,0.376
[0/15],10.694,10.694,2.5428,2.5428,0.45,0.45
[1/15],11.095,10.894,3.8903,3.2166,0.15,0.3
[2/15],11.15,10.98,3.0436,3.1589,0.45,0.35
[3/15],11.073,11.003,2.8111,3.072,0.45,0.375
[4/15],11.085,11.019,1.5688,2.7713,0.5,0.4
[5/15],10.444,10.924,1.6547,2.5852,0.6,0.433
[6/15],10.104,10.807,1.6304,2.4488,0.7,0.471
[7/15],9.674,10.665,2.7352,2.4846,0.35,0.456
[8/15],9.604,10.547,3.1054,2.5536,0.15,0.422
[9/15],8.808,10.373,2.3048,2.5287,0.55,0.435
[10/15],8.993,10.248,3.0379,2.575,0.4,0.432
[11/15],8.714,10.12,2.1442,2.5391,0.45,0.433
[12/15],10.143,10.122,3.0927,2.5817,0.5,0.438
[13/15],9.254,10.06,2.4391,2.5715,0.3,0.429
[14/15],4.272,9.674,1.0799,2.5351,0.286,0.425
[0/15],10.265,10.265,3.6535,3.6535,0.2,0.2
[1/15],9.515,9.89,2.2307,2.9421,0.3,0.25
[2/15],9.444,9.741,3.0237,2.9693,0.35,0.283
[3/15],9.275,9.625,2.8168,2.9312,0.4,0.312
[4/15],10.576,9.815,0.8015,2.5052,0.65,0.38
[5/15],9.447,9.754,3.937,2.7439,0.45,0.392
[6/15],8.792,9.616,2.0147,2.6397,0.4,0.393
[7/15],8.789,9.513,2.7949,2.6591,0.45,0.4
[8/15],9.078,9.465,3.4824,2.7506,0.35,0.394
[9/15],9.652,9.483,1.5809,2.6336,0.45,0.4
[10/15],9.503,9.485,2.7908,2.6479,0.4,0.4
[11/15],9.757,9.508,2.3604,2.6239,0.4,0.4
[12/15],9.337,9.495,3.6121,2.6999,0.3,0.392
[13/15],9.725,9.511,1.2906,2.5993,0.55,0.404
[14/15],2.656,9.054,1.847,2.5809,0.571,0.408
[0/15],10.45,10.45,3.0545,3.0545,0.45,0.45
[1/15],10.779,10.615,2.4279,2.7412,0.55,0.5
[2/15],9.947,10.392,2.0086,2.497,0.5,0.5
[3/15],9.905,10.27,1.956,2.3618,0.4,0.475
[4/15],10.516,10.319,3.6079,2.611,0.45,0.47
[5/15],9.929,10.254,3.9782,2.8389,0.5,0.475
[6/15],10.264,10.256,2.358,2.7702,0.35,0.457
[7/15],8.917,10.088,2.6889,2.76,0.45,0.456
[8/15],10.792,10.167,3.4593,2.8377,0.45,0.456
[9/15],11.185,10.268,1.8021,2.7342,0.65,0.475
[10/15],9.636,10.211,1.9624,2.664,0.4,0.468
[11/15],10.503,10.235,2.609,2.6594,0.5,0.471
[12/15],9.352,10.167,3.1444,2.6967,0.3,0.458
[13/15],9.398,10.112,3.7525,2.7721,0.25,0.443
[14/15],3.187,9.651,3.511,2.7902,0.286,0.439
[0/15],11.049,11.049,2.8947,2.8947,0.25,0.25
[1/15],10.66,10.854,2.268,2.5813,0.55,0.4
[2/15],8.444,10.051,2.3205,2.4944,0.3,0.367
[3/15],10.24,10.098,2.2922,2.4438,0.4,0.375
[4/15],10.379,10.154,2.4558,2.4462,0.4,0.38
[5/15],9.178,9.992,2.8384,2.5116,0.5,0.4
[6/15],9.085,9.862,2.2171,2.4695,0.45,0.407
[7/15],8.289,9.666,3.2263,2.5641,0.2,0.381
[8/15],9.176,9.611,1.8675,2.4867,0.45,0.389
[9/15],10.15,9.665,2.3352,2.4716,0.55,0.405
[10/15],8.594,9.568,4.003,2.6108,0.45,0.409
[11/15],10.465,9.642,2.456,2.5979,0.5,0.417
[12/15],7.798,9.5,2.2532,2.5714,0.55,0.427
[13/15],9.908,9.53,3.9868,2.6725,0.4,0.425
[14/15],3.538,9.13,4.7788,2.7239,0.571,0.429
[0/15],11.824,11.824,1.7469,1.7469,0.5,0.5
[1/15],12.513,12.169,2.6592,2.2031,0.35,0.425
[2/15],12.847,12.395,4.5667,2.9909,0.3,0.383
[3/15],10.922,12.027,2.9918,2.9911,0.4,0.388
[4/15],12.103,12.042,1.9136,2.7756,0.5,0.41
[5/15],12.124,12.056,2.2685,2.6911,0.4,0.408
[6/15],12.177,12.073,2.4743,2.6601,0.55,0.429
[7/15],12.598,12.139,3.2638,2.7356,0.3,0.412
[8/15],11.482,12.066,5.8675,3.0836,0.25,0.394
[9/15],11.332,11.992,1.7044,2.9457,0.6,0.415
[10/15],10.761,11.88,2.1267,2.8712,0.45,0.418
[11/15],12.606,11.941,1.8604,2.787,0.55,0.429
[12/15],10.537,11.833,3.1873,2.8178,0.25,0.415
[13/15],12.316,11.867,2.2555,2.7776,0.55,0.425
[14/15],3.386,11.302,2.9632,2.7821,0.286,0.422
[0/15],10.45,10.45,1.9502,1.9502,0.4,0.4
[1/15],9.314,9.882,2.8677,2.409,0.4,0.4
[2/15],10.576,10.113,3.9311,2.9164,0.3,0.367
[3/15],9.982,10.081,3.1073,2.9641,0.45,0.388
[4/15],9.561,9.977,3.5658,3.0844,0.45,0.4
[5/15],8.966,9.808,2.6815,3.0173,0.5,0.417
[6/15],9.936,9.827,4.9515,3.2936,0.3,0.4
[7/15],9.768,9.819,2.9566,3.2515,0.45,0.406
[8/15],9.042,9.733,2.7329,3.1938,0.35,0.4
[9/15],9.047,9.664,1.6682,3.0413,0.5,0.41
[10/15],11.177,9.802,3.0064,3.0381,0.35,0.405
[11/15],17.694,10.46,1.8108,2.9358,0.4,0.404
[12/15],12.959,10.652,3.8057,3.0027,0.25,0.392
[13/15],9.268,10.553,2.4115,2.9605,0.5,0.4
[14/15],2.721,10.031,3.3702,2.9705,0.286,0.397
[0/15],10.452,10.452,2.7724,2.7724,0.35,0.35
[1/15],10.927,10.69,2.0703,2.4213,0.5,0.425
[2/15],11.384,10.921,4.4874,3.11,0.2,0.35
[3/15],9.069,10.458,3.3948,3.1812,0.35,0.35
[4/15],9.384,10.243,2.2888,3.0027,0.5,0.38
[5/15],11.266,10.414,3.0245,3.0063,0.5,0.4
[6/15],10.509,10.427,3.8,3.1197,0.5,0.414
[7/15],10.441,10.429,3.0361,3.1093,0.35,0.406
[8/15],9.483,10.324,3.2234,3.122,0.3,0.394
[9/15],10.834,10.375,2.0223,3.012,0.4,0.395
[10/15],9.089,10.258,2.4706,2.9628,0.5,0.405
[11/15],8.784,10.135,2.3958,2.9155,0.4,0.404
[12/15],8.91,10.041,3.4753,2.9586,0.1,0.381
[13/15],9.538,10.005,2.1094,2.8979,0.6,0.396
[14/15],3.925,9.6,0.9434,2.8502,0.571,0.401
[0/15],9.753,9.753,3.0298,3.0298,0.3,0.3
[1/15],8.739,9.246,2.2156,2.6227,0.4,0.35
[2/15],9.7,9.398,3.9285,3.058,0.25,0.317
[3/15],10.028,9.555,2.5286,2.9256,0.4,0.338
[4/15],9.441,9.532,2.5865,2.8578,0.2,0.31
[5/15],9.227,9.481,2.3385,2.7713,0.55,0.35
[6/15],11.171,9.723,2.0544,2.6688,0.5,0.371
[7/15],8.582,9.58,4.6921,2.9218,0.3,0.362
[8/15],9.82,9.607,2.2998,2.8526,0.5,0.378
[9/15],9.454,9.592,2.5758,2.825,0.45,0.385
[10/15],9.345,9.569,2.0884,2.758,0.5,0.395
[11/15],8.998,9.522,3.5658,2.8253,0.25,0.383
[12/15],10.252,9.578,2.7708,2.8211,0.4,0.385
[13/15],8.996,9.536,2.7484,2.8159,0.3,0.379
[14/15],2.974,9.099,3.1262,2.8235,0.286,0.376
[0/15],9.927,9.927,2.1617,2.1617,0.45,0.45
[1/15],11.493,10.71,3.4487,2.8052,0.3,0.375
[2/15],10.418,10.613,3.9649,3.1918,0.35,0.367
[3/15],12.034,10.968,1.8431,2.8546,0.4,0.375
[4/15],10.29,10.832,3.3264,2.949,0.25,0.35
[5/15],9.532,10.616,2.7176,2.9104,0.3,0.342
[6/15],10.525,10.603,2.8359,2.8998,0.4,0.35
[7/15],11.242,10.683,1.9786,2.7846,0.5,0.369
[8/15],9.49,10.55,4.0495,2.9252,0.25,0.356
[9/15],9.107,10.406,2.6465,2.8973,0.5,0.37
[10/15],9.278,10.303,3.0095,2.9075,0.2,0.355
[11/15],10.277,10.301,2.9223,2.9087,0.5,0.367
[12/15],10.053,10.282,3.2555,2.9354,0.45,0.373
[13/15],10.703,10.312,3.4515,2.9723,0.3,0.368
[14/15],3.353,9.848,1.6162,2.9392,0.714,0.376
[0/15],10.072,10.072,2.8111,2.8111,0.4,0.4
[1/15],8.964,9.518,1.5934,2.2023,0.5,0.45
[2/15],11.041,10.026,1.8906,2.0984,0.5,0.467
[3/15],9.444,9.88,2.8933,2.2971,0.5,0.475
[4/15],8.645,9.633,3.9129,2.6203,0.3,0.44
[5/15],9.118,9.547,3.0788,2.6967,0.4,0.433
[6/15],9.084,9.481,2.8764,2.7224,0.6,0.457
[7/15],9.494,9.483,1.4209,2.5597,0.65,0.481
[8/15],9.956,9.535,2.6096,2.5652,0.2,0.45
[9/15],8.972,9.479,3.7512,2.6838,0.2,0.425
[10/15],10.856,9.604,3.4217,2.7509,0.4,0.423
[11/15],10.086,9.644,4.2955,2.8796,0.35,0.417
[12/15],9.679,9.647,3.1932,2.9037,0.4,0.415
[13/15],9.909,9.666,2.7851,2.8953,0.25,0.404
[14/15],3.776,9.273,3.4382,2.9085,0.571,0.408
[0/15],9.12,9.12,2.7,2.7,0.5,0.5
[1/15],10.961,10.04,2.0849,2.3925,0.3,0.4
[2/15],10.212,10.098,1.9683,2.2511,0.4,0.4
[3/15],9.921,10.053,3.6437,2.5992,0.45,0.412
[4/15],8.845,9.812,2.523,2.584,0.35,0.4
[5/15],9.391,9.742,3.4343,2.7257,0.35,0.392
[6/15],10.551,9.857,1.3783,2.5332,0.65,0.429
[7/15],9.45,9.806,2.5927,2.5406,0.5,0.438
[8/15],8.461,9.657,3.1532,2.6087,0.45,0.439
[9/15],9.827,9.674,2.3821,2.5861,0.6,0.455
[10/15],9.815,9.687,5.4138,2.8431,0.2,0.432
[11/15],9.66,9.684,4.6836,2.9965,0.15,0.408
[12/15],8.498,9.593,3.6178,3.0443,0.5,0.415
[13/15],8.874,9.542,2.8492,3.0304,0.3,0.407
[14/15],3.538,9.142,3.5993,3.0442,0.286,0.404
[0/15],11.521,11.521,3.8626,3.8626,0.4,0.4
[1/15],10.37,10.946,3.0071,3.4348,0.3,0.35
[2/15],10.732,10.874,3.503,3.4575,0.5,0.4
[3/15],9.707,10.582,4.2979,3.6676,0.3,0.375
[4/15],10.258,10.518,3.0532,3.5447,0.5,0.4
[5/15],11.863,10.742,2.9161,3.44,0.5,0.417
[6/15],9.836,10.612,3.4876,3.4468,0.45,0.421
[7/15],10.289,10.572,4.2866,3.5518,0.25,0.4
[8/15],10.284,10.54,2.3072,3.4135,0.4,0.4
[9/15],10.105,10.496,2.4421,3.3163,0.35,0.395
[10/15],9.003,10.361,2.8312,3.2722,0.45,0.4
[11/15],11.028,10.416,1.6389,3.1361,0.35,0.396
[12/15],8.725,10.286,1.3011,2.995,0.45,0.4
[13/15],10.669,10.313,2.8465,2.9844,0.45,0.404
[14/15],3.551,9.863,1.3375,2.9442,0.286,0.401
[0/15],10.003,10.003,5.2139,5.2139,0.3,0.3
[1/15],9.421,9.712,2.8127,4.0133,0.3,0.3
[2/15],9.689,9.704,4.244,4.0902,0.3,0.3
[3/15],10.575,9.922,2.8568,3.7818,0.45,0.338
[4/15],9.507,9.839,2.1295,3.4514,0.5,0.37
[5/15],9.357,9.759,1.1588,3.0693,0.55,0.4
[6/15],8.561,9.588,2.7618,3.0253,0.35,0.393
[7/15],9.833,9.618,3.2125,3.0487,0.4,0.394
[8/15],10.479,9.714,2.6613,3.0057,0.3,0.383
[9/15],11.08,9.85,3.9569,3.1008,0.4,0.385
[10/15],8.938,9.767,3.7748,3.1621,0.3,0.377
[11/15],8.929,9.698,3.6141,3.1998,0.5,0.388
[12/15],10.777,9.781,2.7288,3.1635,0.35,0.385
[13/15],8.793,9.71,1.6789,3.0575,0.4,0.386
[14/15],3.44,9.292,1.7165,3.0248,0.429,0.387
[0/15],16.15,16.15,3.1001,3.1001,0.3,0.3
[1/15],15.283,15.717,2.0871,2.5936,0.45,0.375
[2/15],17.285,16.24,4.0247,3.0706,0.5,0.417
[3/15],14.351,15.768,3.1518,3.0909,0.3,0.388
[4/15],14.688,15.552,2.6411,3.001,0.4,0.39
[5/15],15.817,15.596,2.0137,2.8364,0.45,0.4
[6/15],17.654,15.89,4.6428,3.0945,0.35,0.393
[7/15],13.427,15.582,3.8388,3.1875,0.45,0.4
[8/15],13.508,15.351,2.8516,3.1502,0.4,0.4
[9/15],15.453,15.362,2.9997,3.1351,0.45,0.405
[10/15],12.977,15.145,2.3708,3.0656,0.35,0.4
[11/15],13.888,15.04,2.5255,3.0206,0.3,0.392
[12/15],12.98,14.882,2.936,3.0141,0.55,0.404
[13/15],14.406,14.848,2.305,2.9635,0.45,0.407
[14/15],3.543,14.094,0.9375,2.9141,0.286,0.404
[0/15],13.899,13.899,2.0446,2.0446,0.4,0.4
[1/15],16.078,14.989,3.6682,2.8564,0.3,0.35
[2/15],17.989,15.989,3.436,3.0496,0.5,0.4
[3/15],14.985,15.738,2.907,3.0139,0.25,0.362
[4/15],15.088,15.608,3.652,3.1416,0.45,0.38
[5/15],13.465,15.251,2.4618,3.0283,0.55,0.408
[6/15],15.089,15.228,3.3294,3.0713,0.3,0.393
[7/15],12.463,14.882,4.0638,3.1953,0.5,0.406
[8/15],15.449,14.945,2.1029,3.074,0.5,0.417
[9/15],13.66,14.817,3.4925,3.1158,0.2,0.395
[10/15],12.876,14.64,2.1839,3.0311,0.6,0.414
[11/15],14.498,14.628,2.6126,2.9962,0.45,0.417
[12/15],10.018,14.274,2.5932,2.9652,0.35,0.412
[13/15],12.529,14.149,3.3833,2.9951,0.35,0.407
[14/15],4.169,13.484,2.8444,2.9914,0.286,0.404
[0/15],17.059,17.059,3.6936,3.6936,0.3,0.3
[1/15],17.384,17.222,2.4818,3.0877,0.45,0.375
[2/15],12.648,15.697,2.4692,2.8815,0.4,0.383
[3/15],14.134,15.306,3.1709,2.9539,0.2,0.338
[4/15],15.599,15.365,2.6525,2.8936,0.3,0.33
[5/15],13.719,15.09,2.6943,2.8604,0.4,0.342
[6/15],13.094,14.805,3.6835,2.978,0.35,0.343
[7/15],15.597,14.904,1.9957,2.8552,0.35,0.344
[8/15],11.919,14.573,4.1279,2.9966,0.3,0.339
[9/15],17.669,14.882,3.7677,3.0737,0.45,0.35
[10/15],15.457,14.934,1.719,2.9506,0.45,0.359
[11/15],12.208,14.707,4.669,3.0938,0.35,0.358
[12/15],13.958,14.65,3.6804,3.1389,0.25,0.35
[13/15],14.698,14.653,1.6764,3.0344,0.55,0.364
[14/15],5.203,14.023,2.66,3.0253,0.571,0.369
[0/15],6.652,6.652,3.5691,3.5691,0.4,0.4
[1/15],6.205,6.428,3.5826,3.5758,0.35,0.375
[2/15],7.483,6.78,4.415,3.8556,0.45,0.4
[3/15],6.218,6.639,3.7165,3.8208,0.45,0.412
[4/15],6.996,6.711,3.4079,3.7382,0.25,0.38
[5/15],6.414,6.661,1.5075,3.3664,0.4,0.383
[6/15],6.111,6.583,2.5094,3.244,0.4,0.386
[7/15],7.346,6.678,2.2048,3.1141,0.45,0.394
[8/15],7.778,6.8,1.5837,2.9441,0.65,0.422
[9/15],6.949,6.815,3.2467,2.9743,0.6,0.44
[10/15],6.619,6.797,1.6953,2.858,0.7,0.464
[11/15],7.474,6.854,5.1968,3.0529,0.2,0.442
[12/15],7.392,6.895,4.2624,3.146,0.35,0.435
[13/15],7.623,6.947,3.7631,3.1901,0.35,0.429
[14/15],1.96,6.615,3.7025,3.2026,0.571,0.432
[0/15],13.091,13.091,4.0242,4.0242,0.4,0.4
[1/15],9.757,11.424,5.467,4.7456,0.3,0.35
[2/15],11.815,11.555,1.8778,3.7897,0.45,0.383
[3/15],8.82,10.871,4.6235,3.9981,0.3,0.362
[4/15],13.644,11.426,2.4881,3.6961,0.45,0.38
[5/15],16.747,12.312,2.5423,3.5038,0.65,0.425
[6/15],10.883,12.108,4.2172,3.6057,0.35,0.414
[7/15],9.85,11.826,3.3241,3.5705,0.3,0.4
[8/15],9.967,11.619,2.5493,3.4571,0.4,0.4
[9/15],11.534,11.611,4.5816,3.5695,0.3,0.39
[10/15],10.557,11.515,3.8012,3.5906,0.5,0.4
[11/15],8.604,11.273,1.9563,3.4544,0.55,0.412
[12/15],9.569,11.141,2.3822,3.3719,0.35,0.408
[13/15],10.283,11.08,3.0231,3.347,0.2,0.393
[14/15],3.231,10.557,1.986,3.3138,0.286,0.39
[0/15],9.398,9.398,3.4181,3.4181,0.45,0.45
[1/15],10.022,9.71,4.0994,3.7588,0.3,0.375
[2/15],10.105,9.842,4.1086,3.8754,0.35,0.367
[3/15],10.808,10.083,2.7765,3.6006,0.55,0.412
[4/15],10.495,10.166,2.8137,3.4433,0.2,0.37
[5/15],11.639,10.411,2.0015,3.203,0.35,0.367
[6/15],8.779,10.178,3.3482,3.2237,0.35,0.364
[7/15],10.109,10.169,1.4659,3.004,0.75,0.412
[8/15],9.676,10.115,4.1408,3.1303,0.2,0.389
[9/15],9.115,10.015,2.9831,3.1156,0.35,0.385
[10/15],10.307,10.041,4.2615,3.2198,0.2,0.368
[11/15],10.324,10.065,2.1185,3.128,0.5,0.379
[12/15],8.837,9.97,4.0701,3.2005,0.5,0.388
[13/15],10.541,10.011,2.4632,3.1478,0.5,0.396
[14/15],3.674,9.589,4.5466,3.1819,0.143,0.39
[0/15],10.36,10.36,1.9916,1.9916,0.4,0.4
[1/15],10.581,10.471,3.8472,2.9194,0.25,0.325
[2/15],10.845,10.595,3.3627,3.0672,0.3,0.317
[3/15],11.81,10.899,3.7609,3.2406,0.3,0.312
[4/15],9.352,10.589,2.6207,3.1166,0.35,0.32
[5/15],9.794,10.457,4.1758,3.2932,0.4,0.333
[6/15],11.003,10.535,3.0588,3.2597,0.5,0.357
[7/15],9.092,10.355,2.1924,3.1263,0.45,0.369
[8/15],9.121,10.218,2.5746,3.065,0.45,0.378
[9/15],9.429,10.139,4.1669,3.1752,0.35,0.375
[10/15],9.476,10.078,4.4176,3.2881,0.3,0.368
[11/15],10.701,10.13,2.4418,3.2176,0.45,0.375
[12/15],8.732,10.023,2.498,3.1622,0.45,0.381
[13/15],10.42,10.051,2.766,3.1339,0.6,0.396
[14/15],2.927,9.576,4.0908,3.1573,0.286,0.394
[0/15],10.879,10.879,5.129,5.129,0.15,0.15
[1/15],11.393,11.136,2.5158,3.8224,0.3,0.225
[2/15],10.819,11.03,3.1762,3.607,0.4,0.283
[3/15],9.301,10.598,4.4781,3.8248,0.4,0.312
[4/15],11.943,10.867,2.3795,3.5357,0.45,0.34
[5/15],10.234,10.761,3.1651,3.474,0.4,0.35
[6/15],9.77,10.62,2.2989,3.3061,0.45,0.364
[7/15],10.39,10.591,3.292,3.3043,0.35,0.362
[8/15],9.41,10.46,2.8432,3.2531,0.5,0.378
[9/15],10.221,10.436,2.4435,3.1721,0.6,0.4
[10/15],10.256,10.42,3.7434,3.2241,0.25,0.386
[11/15],10.23,10.404,1.752,3.1014,0.55,0.4
[12/15],7.632,10.191,4.1864,3.1849,0.35,0.396
[13/15],9.034,10.108,2.6633,3.1476,0.4,0.396
[14/15],3.963,9.698,2.3686,3.1286,0.286,0.394
[0/15],10.605,10.605,1.2469,1.2469,0.65,0.65
[1/15],8.84,9.722,2.7972,2.0221,0.35,0.5
[2/15],9.872,9.772,4.9609,3.0017,0.15,0.383
[3/15],9.505,9.706,4.2908,3.324,0.4,0.388
[4/15],10.43,9.851,3.2019,3.2996,0.4,0.39
[5/15],9.318,9.762,1.7997,3.0496,0.55,0.417
[6/15],10.714,9.898,3.0099,3.0439,0.2,0.386
[7/15],10.014,9.912,4.2346,3.1927,0.4,0.388
[8/15],8.911,9.801,2.8276,3.1522,0.35,0.383
[9/15],10.963,9.917,2.3814,3.0751,0.45,0.39
[10/15],9.45,9.875,2.7121,3.0421,0.45,0.395
[11/15],9.758,9.865,2.6704,3.0111,0.4,0.396
[12/15],10.564,9.919,3.7982,3.0717,0.5,0.404
[13/15],10.24,9.942,2.7907,3.0516,0.4,0.404
[14/15],3.707,9.526,4.4149,3.0848,0.286,0.401
[0/15],11.694,11.694,3.148,3.148,0.5,0.5
[1/15],11.6,11.647,3.2498,3.1989,0.35,0.425
[2/15],9.31,10.868,2.1322,2.8434,0.5,0.45
[3/15],10.015,10.655,4.025,3.1388,0.45,0.45
[4/15],10.94,10.712,4.575,3.426,0.4,0.44
[5/15],10.135,10.616,4.2567,3.5644,0.15,0.392
[6/15],9.884,10.511,3.612,3.5712,0.45,0.4
[7/15],9.841,10.427,3.0105,3.5011,0.45,0.406
[8/15],10.347,10.418,2.7158,3.4139,0.4,0.406
[9/15],8.543,10.231,3.9088,3.4634,0.3,0.395
[10/15],10.527,10.258,2.6234,3.387,0.25,0.382
[11/15],9.027,10.155,3.9434,3.4334,0.4,0.383
[12/15],10.115,10.152,2.6624,3.3741,0.5,0.392
[13/15],9.081,10.076,3.4946,3.3827,0.35,0.389
[14/15],3.804,9.657,2.5821,3.3632,0.429,0.39
[0/15],10.846,10.846,2.2471,2.2471,0.35,0.35
[1/15],9.469,10.157,2.8949,2.571,0.6,0.475
[2/15],9.143,9.819,4.0568,3.0663,0.2,0.383
[3/15],9.839,9.824,2.872,3.0177,0.45,0.4
[4/15],10.768,10.013,2.8913,2.9924,0.35,0.39
[5/15],11.37,10.239,3.7586,3.1201,0.35,0.383
[6/15],9.395,10.118,3.6713,3.1989,0.35,0.379
[7/15],10.385,10.152,1.7748,3.0209,0.45,0.388
[8/15],10.475,10.188,2.1385,2.9228,0.45,0.394
[9/15],9.936,10.163,1.8555,2.8161,0.6,0.415
[10/15],9.255,10.08,4.2203,2.9437,0.45,0.418
[11/15],8.146,9.919,4.3247,3.0588,0.25,0.404
[12/15],9.29,9.871,3.2959,3.0771,0.35,0.4
[13/15],9.593,9.851,2.3612,3.0259,0.65,0.418
[14/15],3.757,9.444,5.8948,3.0959,0.286,0.415
[0/15],10.957,10.957,2.149,2.149,0.45,0.45
[1/15],10.417,10.687,2.4876,2.3183,0.35,0.4
[2/15],10.724,10.699,2.9078,2.5148,0.2,0.333
[3/15],12.402,11.125,4.0707,2.9038,0.35,0.338
[4/15],9.831,10.866,2.316,2.7862,0.5,0.37
[5/15],9.518,10.642,3.1348,2.8443,0.3,0.358
[6/15],9.315,10.452,3.152,2.8883,0.55,0.386
[7/15],9.641,10.351,3.653,2.9839,0.35,0.381
[8/15],9.462,10.252,3.4332,3.0338,0.35,0.378
[9/15],10.073,10.234,3.7498,3.1054,0.25,0.365
[10/15],9.488,10.166,4.0939,3.1953,0.35,0.364
[11/15],10.569,10.2,3.0577,3.1838,0.45,0.371
[12/15],8.976,10.106,3.0363,3.1724,0.25,0.362
[13/15],10.86,10.16,3.0781,3.1657,0.45,0.368
[14/15],3.395,9.709,2.753,3.1556,0.429,0.369
[0/15],17.609,17.609,1.7136,1.7136,0.5,0.5
[1/15],14.501,16.055,2.46,2.0868,0.4,0.45
[2/15],16.836,16.315,4.026,2.7332,0.35,0.417
[3/15],15.383,16.082,4.445,3.1612,0.2,0.362
[4/15],13.28,15.522,1.8827,2.9055,0.55,0.4
[5/15],15.769,15.563,3.9097,3.0728,0.25,0.375
[6/15],15.198,15.511,6.342,3.5399,0.2,0.35
[7/15],16.535,15.639,4.4934,3.659,0.3,0.344
[8/15],16.512,15.736,2.2345,3.5008,0.55,0.367
[9/15],18.27,15.99,1.7179,3.3225,0.3,0.36
[10/15],17.989,16.171,2.7555,3.2709,0.55,0.377
[11/15],18.807,16.391,2.2285,3.1841,0.6,0.396
[12/15],19.911,16.662,2.0881,3.0998,0.6,0.412
[13/15],16.505,16.651,2.9634,3.09,0.3,0.404
[14/15],7.502,16.041,1.4209,3.0493,0.429,0.404
