Epoch(step|length),BatchTime,AvgBatchTime,Loss,AvgLoss,Accuracy,AvgAccuracy
[1][0/26],6.135,6.135,1.3480,1.3480,0.2000,0.2000
[1][1/26],5.179,5.657,2.7186,2.0333,0.4400,0.3200
[1][2/26],5.398,5.570,3.3051,2.4572,0.3600,0.3333
[1][3/26],6.583,5.824,1.0811,2.1132,0.2000,0.3000
[1][4/26],6.342,5.927,2.7002,2.2306,0.3600,0.3120
[1][5/26],5.205,5.807,1.1192,2.0454,0.4400,0.3333
[1][6/26],5.243,5.726,2.0212,2.0419,0.4800,0.3543
[1][7/26],6.041,5.766,0.9782,1.9090,0.3600,0.3550
[1][8/26],5.967,5.788,1.4871,1.8621,0.2800,0.3467
[1][9/26],5.261,5.735,1.1816,1.7940,0.3600,0.3480
[1][10/26],6.241,5.781,1.2789,1.7472,0.5200,0.3636
[1][11/26],5.029,5.719,1.4282,1.7206,0.3600,0.3633
[1][12/26],5.587,5.709,0.9598,1.6621,0.5600,0.3785
[1][13/26],5.451,5.690,1.0601,1.6191,0.5600,0.3914
[1][14/26],5.594,5.684,1.1352,1.5868,0.4000,0.3920
[1][15/26],5.401,5.666,1.6093,1.5882,0.2800,0.3850
[1][16/26],5.604,5.662,1.5976,1.5888,0.3200,0.3812
[1][17/26],5.459,5.651,0.9906,1.5556,0.5600,0.3911
[1][18/26],5.928,5.666,1.3273,1.5435,0.3600,0.3895
[1][19/26],4.977,5.631,1.2224,1.5275,0.4400,0.3920
[1][20/26],4.954,5.599,1.0164,1.5032,0.4400,0.3943
[1][21/26],6.159,5.624,1.2301,1.4907,0.2800,0.3891
[1][22/26],6.024,5.642,1.0463,1.4714,0.4800,0.3930
[1][23/26],5.736,5.646,1.0987,1.4559,0.4800,0.3967
[1][24/26],5.635,5.645,0.9747,1.4366,0.4400,0.3984
[1][25/26],1.842,5.499,1.0044,1.4312,0.6250,0.4013
[2][0/26],6.328,6.328,0.9525,0.9525,0.5200,0.5200
[2][1/26],6.044,6.186,1.4807,1.2166,0.4000,0.4600
[2][2/26],5.728,6.033,1.5316,1.3216,0.3200,0.4133
[2][3/26],6.030,6.032,1.2746,1.3098,0.3600,0.4000
[2][4/26],5.465,5.919,1.1316,1.2742,0.5200,0.4240
[2][5/26],5.933,5.921,1.1425,1.2522,0.3600,0.4133
[2][6/26],6.613,6.020,0.9368,1.2072,0.3600,0.4057
[2][7/26],4.889,5.879,1.1248,1.1969,0.3600,0.4000
[2][8/26],5.298,5.814,1.0937,1.1854,0.4000,0.4000
[2][9/26],5.086,5.741,0.9972,1.1666,0.5200,0.4120
[2][10/26],5.615,5.730,1.1912,1.1688,0.2800,0.4000
[2][11/26],5.785,5.734,1.1813,1.1699,0.2400,0.3867
[2][12/26],6.074,5.761,1.0292,1.1591,0.4800,0.3938
[2][13/26],5.832,5.766,1.1881,1.1611,0.4800,0.4000
[2][14/26],5.308,5.735,1.2796,1.1690,0.4000,0.4000
[2][15/26],5.167,5.700,0.8510,1.1491,0.6800,0.4175
[2][16/26],5.686,5.699,1.3277,1.1597,0.4400,0.4188
[2][17/26],5.296,5.676,1.2720,1.1659,0.4400,0.4200
[2][18/26],5.690,5.677,0.9387,1.1539,0.6000,0.4295
[2][19/26],5.822,5.684,1.2607,1.1593,0.3600,0.4260
[2][20/26],5.461,5.674,1.1402,1.1584,0.4000,0.4248
[2][21/26],4.987,5.643,1.1153,1.1564,0.3600,0.4218
[2][22/26],5.664,5.644,0.9528,1.1476,0.5600,0.4278
[2][23/26],5.131,5.622,1.2620,1.1523,0.2800,0.4217
[2][24/26],6.120,5.642,1.0915,1.1499,0.3200,0.4176
[2][25/26],1.604,5.487,0.9950,1.1479,0.6250,0.4202
[3][0/26],5.396,5.396,1.0299,1.0299,0.4000,0.4000
[3][1/26],5.641,5.519,0.9818,1.0059,0.4800,0.4400
[3][2/26],5.817,5.618,1.4924,1.1680,0.2400,0.3733
[3][3/26],5.787,5.660,1.1595,1.1659,0.5600,0.4200
[3][4/26],5.494,5.627,1.0528,1.1433,0.4400,0.4240
[3][5/26],6.266,5.734,1.1021,1.1364,0.4800,0.4333
[3][6/26],5.337,5.677,1.2624,1.1544,0.3200,0.4171
[3][7/26],5.004,5.593,0.8824,1.1204,0.6800,0.4500
[3][8/26],5.879,5.625,1.1928,1.1284,0.3600,0.4400
[3][9/26],6.120,5.674,1.1879,1.1344,0.4000,0.4360
[3][10/26],6.529,5.752,1.1093,1.1321,0.5200,0.4436
[3][11/26],5.597,5.739,1.0436,1.1247,0.4400,0.4433
[3][12/26],5.011,5.683,0.9625,1.1123,0.5600,0.4523
[3][13/26],5.869,5.696,0.9063,1.0975,0.5200,0.4571
[3][14/26],5.333,5.672,1.2956,1.1107,0.2000,0.4400
[3][15/26],5.778,5.679,0.9986,1.1037,0.4800,0.4425
[3][16/26],5.757,5.683,0.9975,1.0975,0.3600,0.4376
[3][17/26],6.441,5.725,0.8956,1.0863,0.3600,0.4333
[3][18/26],5.845,5.732,0.8753,1.0752,0.6000,0.4421
[3][19/26],5.563,5.723,1.2494,1.0839,0.2800,0.4340
[3][20/26],5.663,5.720,1.2956,1.0940,0.3200,0.4286
[3][21/26],5.042,5.690,1.4339,1.1094,0.1200,0.4145
[3][22/26],5.511,5.682,0.9792,1.1038,0.4800,0.4174
[3][23/26],5.227,5.663,1.0762,1.1026,0.4400,0.4183
[3][24/26],5.259,5.647,1.0449,1.1003,0.6000,0.4256
[3][25/26],1.857,5.501,1.1825,1.1013,0.2500,0.4234
[4][0/26],5.613,5.613,0.9505,0.9505,0.5200,0.5200
[4][1/26],5.701,5.657,0.9714,0.9610,0.4400,0.4800
[4][2/26],5.520,5.611,1.4499,1.1239,0.3600,0.4400
[4][3/26],6.275,5.777,1.1635,1.1338,0.2800,0.4000
[4][4/26],5.744,5.771,1.1249,1.1320,0.4000,0.4000
[4][5/26],6.199,5.842,1.1028,1.1272,0.2800,0.3800
[4][6/26],5.366,5.774,1.0583,1.1173,0.3600,0.3771
[4][7/26],5.704,5.765,1.0775,1.1124,0.4000,0.3800
[4][8/26],6.284,5.823,1.2493,1.1276,0.4000,0.3822
[4][9/26],5.583,5.799,1.0852,1.1233,0.3200,0.3760
[4][10/26],4.907,5.718,1.2937,1.1388,0.4000,0.3782
[4][11/26],5.621,5.710,1.3145,1.1535,0.2800,0.3700
[4][12/26],5.510,5.694,0.8324,1.1288,0.6800,0.3938
[4][13/26],5.688,5.694,1.0488,1.1231,0.6000,0.4086
[4][14/26],5.493,5.681,0.8403,1.1042,0.6000,0.4213
[4][15/26],5.102,5.644,1.0464,1.1006,0.5600,0.4300
[4][16/26],5.193,5.618,1.2153,1.1073,0.5600,0.4376
[4][17/26],5.440,5.608,1.3855,1.1228,0.3600,0.4333
[4][18/26],5.073,5.580,0.9982,1.1162,0.5200,0.4379
[4][19/26],4.959,5.549,1.3093,1.1259,0.3600,0.4340
[4][20/26],5.855,5.563,1.0405,1.1218,0.5600,0.4400
[4][21/26],5.479,5.560,0.9638,1.1146,0.6800,0.4509
[4][22/26],5.618,5.562,1.0518,1.1119,0.4800,0.4522
[4][23/26],5.733,5.569,1.1218,1.1123,0.4000,0.4500
[4][24/26],5.895,5.582,1.1150,1.1124,0.3200,0.4448
[4][25/26],2.036,5.446,0.9380,1.1102,0.6250,0.4471
[5][0/26],5.490,5.490,1.1120,1.1120,0.4000,0.4000
[5][1/26],6.644,6.067,1.0229,1.0675,0.3200,0.3600
[5][2/26],5.345,5.826,1.0645,1.0665,0.4000,0.3733
[5][3/26],5.420,5.725,1.1818,1.0953,0.4800,0.4000
[5][4/26],5.216,5.623,1.1493,1.1061,0.3200,0.3840
[5][5/26],5.439,5.592,1.2421,1.1288,0.4000,0.3867
[5][6/26],6.071,5.661,1.3018,1.1535,0.3200,0.3771
[5][7/26],5.439,5.633,0.9791,1.1317,0.4000,0.3800
[5][8/26],5.504,5.619,0.9146,1.1076,0.4800,0.3911
[5][9/26],4.897,5.547,1.0468,1.1015,0.4400,0.3960
[5][10/26],5.976,5.586,1.1313,1.1042,0.4400,0.4000
[5][11/26],6.199,5.637,0.8002,1.0789,0.6000,0.4167
[5][12/26],5.820,5.651,1.1246,1.0824,0.3600,0.4123
[5][13/26],5.248,5.622,1.2382,1.0935,0.3200,0.4057
[5][14/26],5.857,5.638,1.1422,1.0968,0.4000,0.4053
[5][15/26],5.514,5.630,1.0482,1.0937,0.4000,0.4050
[5][16/26],5.847,5.643,1.0615,1.0918,0.4000,0.4047
[5][17/26],5.786,5.651,0.9872,1.0860,0.5600,0.4133
[5][18/26],5.665,5.651,1.0788,1.0856,0.4800,0.4168
[5][19/26],5.089,5.623,1.1126,1.0870,0.6400,0.4280
[5][20/26],5.510,5.618,1.1432,1.0897,0.4800,0.4305
[5][21/26],5.180,5.598,1.0828,1.0894,0.5200,0.4345
[5][22/26],6.460,5.635,0.9318,1.0825,0.6400,0.4435
[5][23/26],5.221,5.618,1.0636,1.0817,0.4000,0.4417
[5][24/26],5.918,5.630,1.0703,1.0813,0.4000,0.4400
[5][25/26],1.612,5.476,1.5701,1.0874,0.3750,0.4392
[6][0/26],5.150,5.150,1.0184,1.0184,0.4800,0.4800
[6][1/26],5.896,5.523,1.1596,1.0890,0.4400,0.4600
[6][2/26],5.564,5.537,1.0416,1.0732,0.4800,0.4667
[6][3/26],5.096,5.427,1.0032,1.0557,0.5200,0.4800
[6][4/26],5.676,5.476,0.9844,1.0414,0.5600,0.4960
[6][5/26],5.185,5.428,1.1792,1.0644,0.4000,0.4800
[6][6/26],6.491,5.580,1.1052,1.0702,0.4800,0.4800
[6][7/26],6.266,5.666,1.1721,1.0830,0.4000,0.4700
[6][8/26],5.601,5.658,1.1630,1.0919,0.3600,0.4578
[6][9/26],4.855,5.578,0.9833,1.0810,0.4400,0.4560
[6][10/26],5.185,5.542,0.9545,1.0695,0.4800,0.4582
[6][11/26],5.541,5.542,1.2575,1.0852,0.2800,0.4433
[6][12/26],5.854,5.566,0.9341,1.0735,0.2800,0.4308
[6][13/26],5.749,5.579,1.1263,1.0773,0.4800,0.4343
[6][14/26],5.146,5.550,1.1666,1.0833,0.2000,0.4187
[6][15/26],5.794,5.566,0.9817,1.0769,0.5200,0.4250
[6][16/26],6.000,5.591,0.9600,1.0700,0.6000,0.4353
[6][17/26],6.515,5.642,0.9800,1.0650,0.4000,0.4333
[6][18/26],5.625,5.642,1.0760,1.0656,0.4800,0.4358
[6][19/26],5.435,5.631,1.1491,1.0698,0.3200,0.4300
[6][20/26],5.425,5.621,0.9896,1.0660,0.4800,0.4324
[6][21/26],5.549,5.618,0.9888,1.0625,0.4800,0.4345
[6][22/26],5.681,5.621,0.8577,1.0536,0.7200,0.4470
[6][23/26],5.709,5.625,1.1592,1.0580,0.5200,0.4500
[6][24/26],5.992,5.639,0.9028,1.0518,0.5600,0.4544
[6][25/26],1.993,5.499,1.2354,1.0541,0.2500,0.4518
[7][0/26],6.391,6.391,0.9578,0.9578,0.5600,0.5600
[7][1/26],5.300,5.846,1.0482,1.0030,0.4800,0.5200
[7][2/26],4.928,5.540,1.1144,1.0401,0.4400,0.4933
[7][3/26],5.187,5.451,1.0048,1.0313,0.4000,0.4700
[7][4/26],5.722,5.506,0.9291,1.0109,0.4800,0.4720
[7][5/26],6.079,5.601,1.0086,1.0105,0.4800,0.4733
[7][6/26],5.918,5.646,0.8458,0.9870,0.6000,0.4914
[7][7/26],5.871,5.674,1.1066,1.0019,0.4800,0.4900
[7][8/26],6.200,5.733,1.0568,1.0080,0.4000,0.4800
[7][9/26],5.328,5.692,1.0770,1.0149,0.5200,0.4840
[7][10/26],4.962,5.626,1.0991,1.0226,0.4400,0.4800
[7][11/26],5.624,5.626,1.1388,1.0323,0.3200,0.4667
[7][12/26],5.747,5.635,1.0214,1.0314,0.4400,0.4646
[7][13/26],5.214,5.605,1.0488,1.0327,0.4800,0.4657
[7][14/26],6.045,5.634,0.9305,1.0258,0.6000,0.4747
[7][15/26],6.112,5.664,1.0743,1.0289,0.3200,0.4650
[7][16/26],5.297,5.643,0.9172,1.0223,0.5600,0.4706
[7][17/26],4.912,5.602,1.0255,1.0225,0.3200,0.4622
[7][18/26],5.087,5.575,1.0371,1.0233,0.4800,0.4632
[7][19/26],5.278,5.560,1.2448,1.0343,0.2800,0.4540
[7][20/26],5.988,5.580,1.0076,1.0331,0.5600,0.4590
[7][21/26],6.228,5.610,0.8730,1.0258,0.6000,0.4655
[7][22/26],5.881,5.622,1.2746,1.0366,0.3200,0.4591
[7][23/26],5.951,5.635,1.0373,1.0366,0.4800,0.4600
[7][24/26],5.181,5.617,1.1485,1.0411,0.4000,0.4576
[7][25/26],1.838,5.472,0.8701,1.0389,0.7500,0.4613
[8][0/26],5.634,5.634,0.9804,0.9804,0.5600,0.5600
[8][1/26],5.536,5.585,0.8963,0.9383,0.5600,0.5600
[8][2/26],5.204,5.458,0.9568,0.9445,0.4800,0.5333
[8][3/26],5.480,5.464,1.1123,0.9864,0.5200,0.5300
[8][4/26],6.495,5.670,1.0966,1.0085,0.4400,0.5120
[8][5/26],5.388,5.623,1.1877,1.0383,0.2800,0.4733
[8][6/26],5.270,5.573,1.0516,1.0402,0.4000,0.4629
[8][7/26],5.623,5.579,1.0908,1.0466,0.3600,0.4500
[8][8/26],5.411,5.560,1.0586,1.0479,0.3600,0.4400
[8][9/26],5.535,5.558,1.0251,1.0456,0.4400,0.4400
[8][10/26],5.571,5.559,1.0723,1.0480,0.4000,0.4364
[8][11/26],5.706,5.571,1.1297,1.0549,0.3600,0.4300
[8][12/26],5.675,5.579,1.0788,1.0567,0.3200,0.4215
[8][13/26],5.801,5.595,1.1440,1.0629,0.2800,0.4114
[8][14/26],5.509,5.589,1.1443,1.0684,0.3600,0.4080
[8][15/26],4.905,5.546,0.9426,1.0605,0.5600,0.4175
[8][16/26],5.981,5.572,0.9867,1.0562,0.4800,0.4212
[8][17/26],5.239,5.554,1.0503,1.0558,0.2800,0.4133
[8][18/26],6.104,5.583,1.1797,1.0623,0.2800,0.4063
[8][19/26],5.968,5.602,1.0150,1.0600,0.5200,0.4120
[8][20/26],5.545,5.599,0.9327,1.0539,0.5200,0.4171
[8][21/26],6.578,5.644,0.8966,1.0468,0.6400,0.4273
[8][22/26],5.686,5.645,1.1234,1.0501,0.5200,0.4313
[8][23/26],5.783,5.651,1.1378,1.0538,0.4400,0.4317
[8][24/26],5.600,5.649,0.9128,1.0481,0.5200,0.4352
[8][25/26],1.496,5.489,0.8558,1.0457,0.5000,0.4360
[9][0/26],5.462,5.462,0.8930,0.8930,0.6000,0.6000
[9][1/26],5.611,5.537,0.9041,0.8985,0.6000,0.6000
[9][2/26],5.401,5.492,1.1837,0.9936,0.4000,0.5333
[9][3/26],6.033,5.627,1.1516,1.0331,0.4000,0.5000
[9][4/26],5.630,5.628,0.8407,0.9946,0.6000,0.5200
[9][5/26],5.306,5.574,1.2131,1.0310,0.4800,0.5133
[9][6/26],5.825,5.610,1.0351,1.0316,0.5600,0.5200
[9][7/26],5.323,5.574,1.0668,1.0360,0.5200,0.5200
[9][8/26],5.140,5.526,1.1648,1.0503,0.2800,0.4933
[9][9/26],5.348,5.508,1.0530,1.0506,0.4000,0.4840
[9][10/26],6.087,5.561,1.0732,1.0526,0.3600,0.4727
[9][11/26],5.770,5.578,1.0726,1.0543,0.2800,0.4567
[9][12/26],6.051,5.614,1.1012,1.0579,0.4800,0.4585
[9][13/26],5.490,5.606,1.1413,1.0639,0.3600,0.4514
[9][14/26],5.131,5.574,0.9540,1.0566,0.4800,0.4533
[9][15/26],5.028,5.540,1.1180,1.0604,0.3200,0.4450
[9][16/26],5.574,5.542,1.0561,1.0601,0.4000,0.4424
[9][17/26],5.117,5.518,1.0586,1.0601,0.3600,0.4378
[9][18/26],5.860,5.536,1.0068,1.0573,0.4800,0.4400
[9][19/26],5.528,5.536,1.1582,1.0623,0.3200,0.4340
[9][20/26],5.948,5.555,0.9715,1.0580,0.4000,0.4324
[9][21/26],5.474,5.552,0.9734,1.0541,0.4400,0.4327
[9][22/26],5.463,5.548,0.9140,1.0480,0.5600,0.4383
[9][23/26],5.150,5.531,1.0962,1.0500,0.4800,0.4400
[9][24/26],5.618,5.535,0.9858,1.0475,0.4800,0.4416
[9][25/26],1.418,5.376,1.1803,1.0492,0.3750,0.4408
[10][0/26],5.307,5.307,0.8115,0.8115,0.6800,0.6800
[10][1/26],6.804,6.056,0.8764,0.8439,0.6400,0.6600
[10][2/26],6.143,6.085,1.0562,0.9147,0.4000,0.5733
[10][3/26],5.667,5.980,0.9500,0.9235,0.6400,0.5900
[10][4/26],5.047,5.794,1.2110,0.9810,0.3200,0.5360
[10][5/26],5.019,5.665,1.1822,1.0145,0.2800,0.4933
[10][6/26],5.513,5.643,0.9008,0.9983,0.5200,0.4971
[10][7/26],5.826,5.666,1.2433,1.0289,0.3600,0.4800
[10][8/26],5.236,5.618,1.1377,1.0410,0.2400,0.4533
[10][9/26],6.321,5.688,1.1731,1.0542,0.4000,0.4480
[10][10/26],5.833,5.702,1.2345,1.0706,0.4000,0.4436
[10][11/26],6.070,5.732,0.9829,1.0633,0.5200,0.4500
[10][12/26],5.968,5.750,0.9823,1.0571,0.5600,0.4585
[10][13/26],6.031,5.770,1.0508,1.0566,0.4800,0.4600
[10][14/26],5.846,5.775,1.1326,1.0617,0.4000,0.4560
[10][15/26],5.582,5.763,1.1364,1.0663,0.2800,0.4450
[10][16/26],5.202,5.730,1.0941,1.0680,0.4400,0.4447
[10][17/26],4.998,5.690,1.0116,1.0648,0.5200,0.4489
[10][18/26],5.182,5.663,1.1539,1.0695,0.3200,0.4421
[10][19/26],5.093,5.634,1.1355,1.0728,0.5200,0.4460
[10][20/26],5.192,5.613,0.8505,1.0622,0.6800,0.4571
[10][21/26],6.270,5.643,1.0264,1.0606,0.4800,0.4582
[10][22/26],6.180,5.667,1.3117,1.0715,0.3600,0.4539
[10][23/26],5.302,5.651,1.0647,1.0712,0.4000,0.4517
[10][24/26],5.476,5.644,0.8857,1.0638,0.5600,0.4560
[10][25/26],2.025,5.505,1.0972,1.0642,0.3750,0.4550
[11][0/26],6.172,6.172,0.9369,0.9369,0.5200,0.5200
[11][1/26],5.742,5.957,1.0363,0.9866,0.5200,0.5200
[11][2/26],5.540,5.818,1.0214,0.9982,0.5600,0.5333
[11][3/26],6.047,5.875,1.0400,1.0087,0.5200,0.5300
[11][4/26],5.716,5.843,1.0125,1.0094,0.5200,0.5280
[11][5/26],5.721,5.823,0.9816,1.0048,0.6400,0.5467
[11][6/26],5.806,5.820,1.0163,1.0065,0.4400,0.5314
[11][7/26],6.050,5.849,1.0309,1.0095,0.4800,0.5250
[11][8/26],5.506,5.811,1.0339,1.0122,0.4800,0.5200
[11][9/26],6.641,5.894,0.9459,1.0056,0.5200,0.5200
[11][10/26],4.772,5.792,1.1182,1.0158,0.4000,0.5091
[11][11/26],5.267,5.748,1.2068,1.0317,0.4000,0.5000
[11][12/26],6.119,5.777,0.9826,1.0280,0.4800,0.4985
[11][13/26],5.170,5.733,0.9867,1.0250,0.4800,0.4971
[11][14/26],6.134,5.760,0.9881,1.0225,0.4800,0.4960
[11][15/26],5.729,5.758,0.9227,1.0163,0.5600,0.5000
[11][16/26],5.285,5.730,1.1004,1.0213,0.3600,0.4918
[11][17/26],5.682,5.728,1.1459,1.0282,0.3600,0.4844
[11][18/26],5.581,5.720,0.9002,1.0214,0.6000,0.4905
[11][19/26],6.137,5.741,1.0588,1.0233,0.3600,0.4840
[11][20/26],4.743,5.693,1.1593,1.0298,0.3200,0.4762
[11][21/26],4.869,5.656,0.9202,1.0248,0.4400,0.4745
[11][22/26],5.875,5.665,1.0152,1.0244,0.5200,0.4765
[11][23/26],5.188,5.646,1.2090,1.0321,0.3600,0.4717
[11][24/26],5.701,5.648,0.9048,1.0270,0.3200,0.4656
[11][25/26],1.844,5.501,0.8704,1.0250,0.6250,0.4676
[12][0/26],4.924,4.924,0.9924,0.9924,0.4000,0.4000
[12][1/26],4.687,4.805,1.0316,1.0120,0.2800,0.3400
[12][2/26],4.845,4.818,1.0373,1.0205,0.4400,0.3733
[12][3/26],5.036,4.873,1.0358,1.0243,0.3200,0.3600
[12][4/26],5.366,4.971,0.9916,1.0177,0.3600,0.3600
[12][5/26],4.627,4.914,0.9168,1.0009,0.2800,0.3467
[12][6/26],4.647,4.876,1.1172,1.0175,0.4400,0.3600
[12][7/26],5.037,4.896,0.9686,1.0114,0.4400,0.3700
[12][8/26],4.768,4.882,1.0988,1.0211,0.3600,0.3689
[12][9/26],5.030,4.897,1.1552,1.0345,0.4000,0.3720
[12][10/26],4.860,4.893,0.9788,1.0295,0.4000,0.3745
[12][11/26],5.529,4.946,1.0510,1.0313,0.5200,0.3867
[12][12/26],4.669,4.925,1.0427,1.0321,0.4800,0.3938
[12][13/26],4.743,4.912,1.1003,1.0370,0.4000,0.3943
[12][14/26],5.415,4.945,0.9406,1.0306,0.5600,0.4053
[12][15/26],4.772,4.935,1.0125,1.0295,0.4800,0.4100
[12][16/26],5.364,4.960,0.8719,1.0202,0.7200,0.4282
[12][17/26],5.239,4.975,1.0458,1.0216,0.5200,0.4333
[12][18/26],6.048,5.032,0.9049,1.0155,0.6000,0.4421
[12][19/26],5.694,5.065,0.9553,1.0125,0.5600,0.4480
[12][20/26],5.666,5.094,1.0683,1.0151,0.4400,0.4476
[12][21/26],5.108,5.094,1.0245,1.0155,0.4800,0.4491
[12][22/26],5.635,5.118,0.8361,1.0077,0.6400,0.4574
[12][23/26],5.640,5.139,1.2626,1.0184,0.4000,0.4550
[12][24/26],5.141,5.140,1.1430,1.0234,0.4000,0.4528
[12][25/26],1.768,5.010,1.0602,1.0238,0.2500,0.4502
[13][0/26],5.557,5.557,1.0243,1.0243,0.4400,0.4400
[13][1/26],5.089,5.323,1.0016,1.0129,0.3600,0.4000
[13][2/26],4.569,5.072,1.0536,1.0265,0.4000,0.4000
[13][3/26],4.534,4.937,1.2177,1.0743,0.3200,0.3800
[13][4/26],4.977,4.945,1.0219,1.0638,0.4400,0.3920
[13][5/26],4.813,4.923,1.0992,1.0697,0.4000,0.3933
[13][6/26],4.530,4.867,0.9278,1.0494,0.4400,0.4000
[13][7/26],4.726,4.849,1.3257,1.0840,0.1600,0.3700
[13][8/26],4.930,4.858,1.1478,1.0911,0.3600,0.3689
[13][9/26],4.945,4.867,0.9773,1.0797,0.4400,0.3760
[13][10/26],4.940,4.874,1.0412,1.0762,0.3600,0.3745
[13][11/26],5.206,4.901,1.0072,1.0704,0.4800,0.3833
[13][12/26],4.936,4.904,0.9281,1.0595,0.6000,0.4000
[13][13/26],4.982,4.910,1.1681,1.0672,0.4800,0.4057
[13][14/26],5.370,4.940,1.1406,1.0721,0.4400,0.4080
[13][15/26],5.003,4.944,1.0151,1.0686,0.5200,0.4150
[13][16/26],5.222,4.961,0.8296,1.0545,0.6800,0.4306
[13][17/26],4.318,4.925,1.2483,1.0653,0.3200,0.4244
[13][18/26],4.824,4.920,0.8061,1.0516,0.6000,0.4337
[13][19/26],5.237,4.935,0.8854,1.0433,0.4800,0.4360
[13][20/26],5.710,4.972,0.9499,1.0389,0.5200,0.4400
[13][21/26],5.083,4.977,0.9389,1.0343,0.6000,0.4473
[13][22/26],4.935,4.976,0.9684,1.0315,0.4400,0.4470
[13][23/26],5.339,4.991,1.1634,1.0370,0.4400,0.4467
[13][24/26],5.942,5.029,0.8586,1.0298,0.4400,0.4464
[13][25/26],1.776,4.904,1.0553,1.0302,0.3750,0.4455
[14][0/26],4.806,4.806,1.0215,1.0215,0.3600,0.3600
[14][1/26],4.873,4.839,1.0309,1.0262,0.2400,0.3000
[14][2/26],5.120,4.933,0.9864,1.0129,0.5600,0.3867
[14][3/26],5.285,5.021,0.8911,0.9825,0.4400,0.4000
[14][4/26],5.364,5.090,0.9084,0.9677,0.5200,0.4240
[14][5/26],5.524,5.162,1.0165,0.9758,0.4400,0.4267
[14][6/26],5.814,5.255,0.9086,0.9662,0.6000,0.4514
[14][7/26],4.750,5.192,1.0469,0.9763,0.4800,0.4550
[14][8/26],5.361,5.211,1.0724,0.9870,0.4000,0.4489
[14][9/26],5.859,5.276,0.7429,0.9626,0.6800,0.4720
[14][10/26],5.513,5.297,0.9871,0.9648,0.4000,0.4655
[14][11/26],5.670,5.328,0.9651,0.9648,0.4800,0.4667
[14][12/26],5.691,5.356,1.0201,0.9691,0.3600,0.4585
[14][13/26],5.884,5.394,1.2442,0.9887,0.3600,0.4514
[14][14/26],5.295,5.387,1.0749,0.9945,0.5200,0.4560
[14][15/26],5.286,5.381,1.0694,0.9991,0.4400,0.4550
[14][16/26],4.779,5.346,0.9043,0.9936,0.4400,0.4541
[14][17/26],4.987,5.326,1.2504,1.0078,0.1200,0.4356
[14][18/26],4.846,5.300,0.9675,1.0057,0.3200,0.4295
[14][19/26],5.613,5.316,1.0074,1.0058,0.4800,0.4320
[14][20/26],4.728,5.288,1.1083,1.0107,0.3600,0.4286
[14][21/26],5.432,5.295,0.9767,1.0091,0.5200,0.4327
[14][22/26],6.190,5.334,0.9633,1.0071,0.4400,0.4330
[14][23/26],5.768,5.352,0.9852,1.0062,0.5200,0.4367
[14][24/26],5.744,5.367,0.9703,1.0048,0.4400,0.4368
[14][25/26],1.815,5.231,1.1468,1.0066,0.3750,0.4360
[15][0/26],5.796,5.796,1.0041,1.0041,0.6000,0.6000
[15][1/26],5.067,5.431,0.9213,0.9627,0.4400,0.5200
[15][2/26],5.631,5.498,0.8985,0.9413,0.5200,0.5200
[15][3/26],5.154,5.412,0.9731,0.9493,0.4800,0.5100
[15][4/26],5.377,5.405,0.9571,0.9508,0.4400,0.4960
[15][5/26],5.819,5.474,1.0698,0.9707,0.3600,0.4733
[15][6/26],5.816,5.523,0.9555,0.9685,0.6000,0.4914
[15][7/26],5.304,5.495,0.9376,0.9646,0.4800,0.4900
[15][8/26],5.825,5.532,0.9140,0.9590,0.6800,0.5111
[15][9/26],5.090,5.488,1.0390,0.9670,0.4400,0.5040
[15][10/26],5.150,5.457,0.8933,0.9603,0.4800,0.5018
[15][11/26],5.402,5.453,1.0478,0.9676,0.4000,0.4933
[15][12/26],5.440,5.452,0.9363,0.9652,0.4800,0.4923
[15][13/26],5.647,5.466,1.0400,0.9705,0.3600,0.4829
[15][14/26],5.536,5.470,1.0059,0.9729,0.4000,0.4773
[15][15/26],5.197,5.453,0.9402,0.9708,0.4400,0.4750
[15][16/26],5.888,5.479,0.8906,0.9661,0.4400,0.4729
[15][17/26],5.446,5.477,0.8871,0.9617,0.5600,0.4778
[15][18/26],6.236,5.517,0.7977,0.9531,0.6400,0.4863
[15][19/26],5.778,5.530,0.8255,0.9467,0.5600,0.4900
[15][20/26],5.356,5.522,1.0715,0.9527,0.4000,0.4857
[15][21/26],5.494,5.520,1.0748,0.9582,0.3200,0.4782
[15][22/26],6.076,5.545,0.8729,0.9545,0.4800,0.4783
[15][23/26],5.699,5.551,1.0164,0.9571,0.2400,0.4683
[15][24/26],5.359,5.543,0.8569,0.9531,0.6000,0.4736
[15][25/26],1.815,5.400,0.8644,0.9520,0.6250,0.4755
[16][0/26],6.041,6.041,1.1403,1.1403,0.4800,0.4800
[16][1/26],5.912,5.976,0.8936,1.0169,0.3600,0.4200
[16][2/26],4.935,5.629,0.9753,1.0031,0.5200,0.4533
[16][3/26],5.696,5.646,1.0124,1.0054,0.2800,0.4100
[16][4/26],5.932,5.703,0.9341,0.9912,0.4800,0.4240
[16][5/26],5.793,5.718,0.9699,0.9876,0.4400,0.4267
[16][6/26],6.199,5.787,0.8888,0.9735,0.4000,0.4229
[16][7/26],5.466,5.747,1.0171,0.9790,0.4800,0.4300
[16][8/26],5.782,5.751,0.8752,0.9674,0.6000,0.4489
[16][9/26],6.595,5.835,0.7582,0.9465,0.6800,0.4720
[16][10/26],5.560,5.810,0.9453,0.9464,0.4400,0.4691
[16][11/26],5.835,5.812,0.9295,0.9450,0.3600,0.4600
[16][12/26],5.332,5.775,0.9264,0.9436,0.5600,0.4677
[16][13/26],5.834,5.779,1.1686,0.9596,0.4000,0.4629
[16][14/26],5.450,5.758,0.9726,0.9605,0.5200,0.4667
[16][15/26],5.599,5.748,0.8743,0.9551,0.5200,0.4700
[16][16/26],5.002,5.704,1.0091,0.9583,0.5200,0.4729
[16][17/26],6.181,5.730,0.7554,0.9470,0.7200,0.4867
[16][18/26],5.102,5.697,1.0411,0.9520,0.3600,0.4800
[16][19/26],5.268,5.676,0.9651,0.9526,0.3600,0.4740
[16][20/26],5.793,5.681,0.9633,0.9531,0.4800,0.4743
[16][21/26],6.003,5.696,0.9868,0.9547,0.5600,0.4782
[16][22/26],5.390,5.683,0.9414,0.9541,0.4400,0.4765
[16][23/26],5.475,5.674,1.0858,0.9596,0.3200,0.4700
[16][24/26],4.817,5.640,0.9342,0.9586,0.5600,0.4736
[16][25/26],1.711,5.489,1.0452,0.9597,0.0000,0.4676
[17][0/26],5.685,5.685,0.9619,0.9619,0.4000,0.4000
[17][1/26],5.305,5.495,0.9196,0.9407,0.4000,0.4000
[17][2/26],5.248,5.413,0.8743,0.9186,0.5600,0.4533
[17][3/26],5.787,5.506,0.9298,0.9214,0.4800,0.4600
[17][4/26],6.042,5.613,0.9190,0.9209,0.6000,0.4880
[17][5/26],5.336,5.567,0.8486,0.9088,0.4800,0.4867
[17][6/26],5.669,5.582,0.8551,0.9012,0.4800,0.4857
[17][7/26],5.234,5.538,0.9983,0.9133,0.4000,0.4750
[17][8/26],5.143,5.494,0.9771,0.9204,0.6000,0.4889
[17][9/26],5.563,5.501,0.9926,0.9276,0.5600,0.4960
[17][10/26],5.123,5.467,1.0334,0.9372,0.4000,0.4873
[17][11/26],5.289,5.452,1.0177,0.9439,0.4400,0.4833
[17][12/26],5.350,5.444,1.0678,0.9535,0.6000,0.4923
[17][13/26],5.445,5.444,1.3451,0.9814,0.2800,0.4771
[17][14/26],5.397,5.441,0.8744,0.9743,0.4800,0.4773
[17][15/26],5.842,5.466,0.9449,0.9725,0.2800,0.4650
[17][16/26],5.902,5.492,0.8853,0.9673,0.4800,0.4659
[17][17/26],5.929,5.516,1.0352,0.9711,0.4000,0.4622
[17][18/26],5.637,5.522,0.9454,0.9698,0.5200,0.4653
[17][19/26],5.460,5.519,1.0109,0.9718,0.4000,0.4620
[17][20/26],5.352,5.511,1.0852,0.9772,0.3200,0.4552
[17][21/26],5.258,5.500,1.0496,0.9805,0.3600,0.4509
[17][22/26],5.088,5.482,0.9797,0.9805,0.4400,0.4504
[17][23/26],6.003,5.504,0.9597,0.9796,0.2800,0.4433
[17][24/26],5.525,5.504,0.9087,0.9768,0.4400,0.4432
[17][25/26],1.989,5.369,0.8774,0.9755,0.3750,0.4423
[18][0/26],5.313,5.313,0.8378,0.8378,0.6000,0.6000
[18][1/26],4.930,5.122,0.8745,0.8562,0.6800,0.6400
[18][2/26],5.335,5.193,0.9376,0.8833,0.5200,0.6000
[18][3/26],5.712,5.323,1.3508,1.0002,0.3600,0.5400
[18][4/26],5.506,5.359,0.8922,0.9786,0.5600,0.5440
[18][5/26],5.504,5.383,1.1911,1.0140,0.3600,0.5133
[18][6/26],5.251,5.365,1.1507,1.0335,0.4000,0.4971
[18][7/26],5.468,5.377,1.1804,1.0519,0.3600,0.4800
[18][8/26],5.513,5.393,0.9498,1.0405,0.4800,0.4800
[18][9/26],5.557,5.409,0.9059,1.0271,0.4800,0.4800
[18][10/26],6.089,5.471,0.8669,1.0125,0.5600,0.4873
[18][11/26],5.114,5.441,0.9372,1.0062,0.3600,0.4767
[18][12/26],5.602,5.453,0.9258,1.0001,0.5200,0.4800
[18][13/26],5.609,5.465,0.9836,0.9989,0.4400,0.4771
[18][14/26],5.967,5.498,0.8816,0.9911,0.5200,0.4800
[18][15/26],5.549,5.501,1.0845,0.9969,0.2800,0.4675
[18][16/26],5.677,5.512,0.9362,0.9933,0.4800,0.4682
[18][17/26],5.072,5.487,1.0009,0.9937,0.4400,0.4667
[18][18/26],5.379,5.481,0.9327,0.9905,0.5600,0.4716
[18][19/26],5.463,5.481,1.1278,0.9974,0.1200,0.4540
[18][20/26],5.324,5.473,0.9446,0.9949,0.3200,0.4476
[18][21/26],5.513,5.475,0.9075,0.9909,0.4800,0.4491
[18][22/26],5.770,5.488,0.8593,0.9852,0.5200,0.4522
[18][23/26],5.509,5.489,1.0202,0.9866,0.3200,0.4467
[18][24/26],5.322,5.482,1.0059,0.9874,0.4400,0.4464
[18][25/26],1.866,5.343,0.6178,0.9827,0.8750,0.4518
[19][0/26],5.405,5.405,0.8009,0.8009,0.5600,0.5600
[19][1/26],5.555,5.480,0.8486,0.8247,0.6000,0.5800
[19][2/26],6.028,5.663,1.0881,0.9125,0.4400,0.5333
[19][3/26],6.038,5.757,1.0161,0.9384,0.4800,0.5200
[19][4/26],5.397,5.685,1.0131,0.9534,0.4400,0.5040
[19][5/26],6.394,5.803,0.8322,0.9332,0.5200,0.5067
[19][6/26],5.261,5.725,0.9815,0.9401,0.4400,0.4971
[19][7/26],5.013,5.636,0.8713,0.9315,0.4800,0.4950
[19][8/26],5.774,5.652,0.9621,0.9349,0.5200,0.4978
[19][9/26],4.889,5.575,0.9246,0.9339,0.4000,0.4880
[19][10/26],6.262,5.638,1.0363,0.9432,0.3200,0.4727
[19][11/26],5.438,5.621,0.9597,0.9446,0.2800,0.4567
[19][12/26],5.908,5.643,0.8921,0.9405,0.5200,0.4615
[19][13/26],5.650,5.644,1.0114,0.9456,0.3200,0.4514
[19][14/26],5.359,5.625,0.8198,0.9372,0.5600,0.4587
[19][15/26],5.364,5.608,0.9554,0.9383,0.3600,0.4525
[19][16/26],5.920,5.627,0.8592,0.9337,0.3600,0.4471
[19][17/26],5.965,5.645,0.8933,0.9314,0.4400,0.4467
[19][18/26],5.862,5.657,0.8111,0.9251,0.7200,0.4611
[19][19/26],5.550,5.652,1.1098,0.9343,0.5200,0.4640
[19][20/26],5.346,5.637,0.8945,0.9324,0.4400,0.4629
[19][21/26],5.837,5.646,1.0874,0.9395,0.4000,0.4600
[19][22/26],4.688,5.604,0.9346,0.9393,0.3600,0.4557
[19][23/26],5.465,5.599,1.0855,0.9454,0.3600,0.4517
[19][24/26],5.262,5.585,0.9875,0.9471,0.5200,0.4544
[19][25/26],1.639,5.433,0.9757,0.9474,0.3750,0.4534
[20][0/26],5.478,5.478,0.8276,0.8276,0.6400,0.6400
[20][1/26],5.491,5.485,1.0013,0.9144,0.4000,0.5200
[20][2/26],5.763,5.577,0.9010,0.9099,0.5200,0.5200
[20][3/26],6.143,5.719,0.9482,0.9195,0.3600,0.4800
[20][4/26],5.410,5.657,0.9677,0.9291,0.4800,0.4800
[20][5/26],5.631,5.653,0.9248,0.9284,0.4800,0.4800
[20][6/26],5.776,5.670,0.9522,0.9318,0.5200,0.4857
[20][7/26],5.565,5.657,1.0316,0.9443,0.5200,0.4900
[20][8/26],6.082,5.704,1.0323,0.9541,0.5200,0.4933
[20][9/26],5.784,5.712,0.7969,0.9384,0.6800,0.5120
[20][10/26],5.760,5.717,1.0895,0.9521,0.4400,0.5055
[20][11/26],5.408,5.691,0.8459,0.9433,0.5600,0.5100
[20][12/26],6.106,5.723,0.9132,0.9409,0.5600,0.5138
[20][13/26],4.985,5.670,1.0052,0.9455,0.4800,0.5114
[20][14/26],6.029,5.694,0.9525,0.9460,0.4000,0.5040
[20][15/26],5.437,5.678,0.8615,0.9407,0.6000,0.5100
[20][16/26],5.652,5.676,1.0409,0.9466,0.3200,0.4988
[20][17/26],4.698,5.622,0.8646,0.9420,0.5200,0.5000
[20][18/26],5.482,5.615,0.9331,0.9416,0.4400,0.4968
[20][19/26],4.933,5.581,0.9030,0.9396,0.4400,0.4940
[20][20/26],4.494,5.529,1.0331,0.9441,0.3600,0.4876
[20][21/26],5.828,5.542,0.8939,0.9418,0.6800,0.4964
[20][22/26],5.383,5.536,0.8915,0.9396,0.4800,0.4957
[20][23/26],5.344,5.528,0.8549,0.9361,0.4800,0.4950
[20][24/26],5.478,5.526,0.9071,0.9349,0.5600,0.4976
[20][25/26],2.012,5.390,0.6800,0.9317,0.7500,0.5008
[21][0/26],5.647,5.647,0.8431,0.8431,0.5600,0.5600
[21][1/26],4.811,5.229,1.0923,0.9677,0.4400,0.5000
[21][2/26],5.751,5.403,1.0070,0.9808,0.4000,0.4667
[21][3/26],5.067,5.319,0.9511,0.9734,0.3600,0.4400
[21][4/26],4.990,5.253,0.8246,0.9436,0.4400,0.4400
[21][5/26],5.401,5.278,0.9523,0.9451,0.4400,0.4400
[21][6/26],5.346,5.288,0.8214,0.9274,0.6400,0.4686
[21][7/26],5.792,5.351,0.8956,0.9234,0.5200,0.4750
[21][8/26],5.472,5.364,0.8634,0.9168,0.4400,0.4711
[21][9/26],5.758,5.404,1.1344,0.9385,0.3600,0.4600
[21][10/26],5.573,5.419,0.9221,0.9370,0.5200,0.4655
[21][11/26],5.387,5.416,0.9844,0.9410,0.5600,0.4733
[21][12/26],5.802,5.446,0.9227,0.9396,0.4800,0.4738
[21][13/26],5.808,5.472,0.8808,0.9354,0.6000,0.4829
[21][14/26],5.376,5.465,0.9546,0.9367,0.5200,0.4853
[21][15/26],5.965,5.497,0.8459,0.9310,0.5600,0.4900
[21][16/26],5.385,5.490,0.8517,0.9263,0.6000,0.4965
[21][17/26],5.606,5.497,1.0579,0.9336,0.4400,0.4933
[21][18/26],6.172,5.532,0.9409,0.9340,0.4800,0.4926
[21][19/26],5.547,5.533,0.9094,0.9328,0.5200,0.4940
[21][20/26],5.573,5.535,0.9316,0.9327,0.4000,0.4895
[21][21/26],4.680,5.496,1.0214,0.9368,0.4400,0.4873
[21][22/26],5.422,5.493,0.8662,0.9337,0.5600,0.4904
[21][23/26],5.428,5.490,0.8787,0.9314,0.5200,0.4917
[21][24/26],5.810,5.503,0.9324,0.9314,0.4000,0.4880
[21][25/26],1.541,5.350,1.0492,0.9329,0.3750,0.4866
[22][0/26],6.027,6.027,0.7518,0.7518,0.7600,0.7600
[22][1/26],6.273,6.150,0.9003,0.8261,0.4800,0.6200
[22][2/26],5.838,6.046,0.9234,0.8585,0.4800,0.5733
[22][3/26],5.535,5.918,1.0175,0.8982,0.4800,0.5500
[22][4/26],5.381,5.811,0.9825,0.9151,0.4400,0.5280
[22][5/26],5.385,5.740,0.8666,0.9070,0.4400,0.5133
[22][6/26],5.278,5.674,0.8379,0.8971,0.6400,0.5314
[22][7/26],5.531,5.656,1.0983,0.9223,0.4000,0.5150
[22][8/26],5.607,5.651,1.0064,0.9316,0.6800,0.5333
[22][9/26],5.397,5.625,0.9290,0.9314,0.5200,0.5320
[22][10/26],6.088,5.667,0.8641,0.9252,0.5600,0.5345
[22][11/26],5.978,5.693,1.0642,0.9368,0.5600,0.5367
[22][12/26],5.663,5.691,1.0056,0.9421,0.3200,0.5200
[22][13/26],4.792,5.627,0.9870,0.9453,0.5600,0.5229
[22][14/26],5.344,5.608,0.8619,0.9398,0.4400,0.5173
[22][15/26],5.008,5.570,0.9953,0.9432,0.3600,0.5075
[22][16/26],5.072,5.541,0.9383,0.9429,0.5200,0.5082
[22][17/26],6.267,5.581,0.8961,0.9403,0.4400,0.5044
[22][18/26],6.124,5.610,0.9368,0.9402,0.4400,0.5011
[22][19/26],5.717,5.615,1.0357,0.9449,0.4800,0.5000
[22][20/26],5.520,5.611,0.8409,0.9400,0.4800,0.4990
[22][21/26],5.399,5.601,0.8829,0.9374,0.3200,0.4909
[22][22/26],4.505,5.553,0.9591,0.9383,0.4400,0.4887
[22][23/26],5.532,5.553,0.9239,0.9377,0.4400,0.4867
[22][24/26],5.628,5.556,0.8941,0.9360,0.4400,0.4848
[22][25/26],1.600,5.403,0.7398,0.9335,0.7500,0.4882
[23][0/26],5.475,5.475,1.1021,1.1021,0.4400,0.4400
[23][1/26],5.366,5.421,0.9100,1.0061,0.4800,0.4600
[23][2/26],5.837,5.560,0.9813,0.9978,0.2000,0.3733
[23][3/26],5.982,5.665,0.9440,0.9843,0.6000,0.4300
[23][4/26],5.514,5.635,1.0110,0.9897,0.4400,0.4320
[23][5/26],5.445,5.603,0.9377,0.9810,0.4000,0.4267
[23][6/26],5.840,5.637,0.9299,0.9737,0.5600,0.4457
[23][7/26],6.024,5.685,0.9382,0.9693,0.5600,0.4600
[23][8/26],5.315,5.644,0.9187,0.9637,0.4800,0.4622
[23][9/26],5.441,5.624,0.9061,0.9579,0.3600,0.4520
[23][10/26],5.479,5.611,0.9188,0.9543,0.3200,0.4400
[23][11/26],4.718,5.536,0.8218,0.9433,0.4400,0.4400
[23][12/26],6.101,5.580,0.8989,0.9399,0.5200,0.4462
[23][13/26],5.368,5.565,0.8858,0.9360,0.4400,0.4457
[23][14/26],5.110,5.534,0.9934,0.9398,0.4000,0.4427
[23][15/26],5.209,5.514,0.9140,0.9382,0.4400,0.4425
[23][16/26],5.518,5.514,0.9552,0.9392,0.3600,0.4376
[23][17/26],5.534,5.515,1.0104,0.9432,0.4000,0.4356
[23][18/26],5.948,5.538,1.0050,0.9464,0.3600,0.4316
[23][19/26],5.724,5.547,0.8242,0.9403,0.6400,0.4420
[23][20/26],5.442,5.542,1.1037,0.9481,0.4800,0.4438
[23][21/26],5.157,5.525,0.8327,0.9429,0.5600,0.4491
[23][22/26],5.475,5.523,0.9004,0.9410,0.5600,0.4539
[23][23/26],5.207,5.510,0.9556,0.9416,0.4400,0.4533
[23][24/26],5.947,5.527,0.8871,0.9394,0.4800,0.4544
[23][25/26],1.775,5.383,0.8354,0.9381,0.5000,0.4550
[24][0/26],6.146,6.146,0.8297,0.8297,0.6000,0.6000
[24][1/26],5.542,5.844,0.8297,0.8297,0.6400,0.6200
[24][2/26],5.663,5.783,0.9067,0.8553,0.5600,0.6000
[24][3/26],6.345,5.924,0.8716,0.8594,0.5600,0.5900
[24][4/26],5.383,5.816,1.0480,0.8971,0.4800,0.5680
[24][5/26],5.328,5.734,0.9846,0.9117,0.4400,0.5467
[24][6/26],5.545,5.707,0.9259,0.9137,0.6000,0.5543
[24][7/26],5.309,5.658,0.8496,0.9057,0.6400,0.5650
[24][8/26],4.997,5.584,0.9140,0.9066,0.4800,0.5556
[24][9/26],4.947,5.521,0.8358,0.8996,0.5200,0.5520
[24][10/26],5.433,5.513,0.8064,0.8911,0.5600,0.5527
[24][11/26],5.406,5.504,1.0117,0.9011,0.3600,0.5367
[24][12/26],6.037,5.545,1.0379,0.9117,0.4400,0.5292
[24][13/26],6.041,5.580,0.7564,0.9006,0.6800,0.5400
[24][14/26],5.573,5.580,1.1044,0.9142,0.4000,0.5307
[24][15/26],5.907,5.600,0.9933,0.9191,0.5200,0.5300
[24][16/26],5.223,5.578,0.9086,0.9185,0.4000,0.5224
[24][17/26],5.212,5.558,0.9987,0.9229,0.5200,0.5222
[24][18/26],6.176,5.590,0.9513,0.9244,0.4400,0.5179
[24][19/26],6.140,5.618,0.8706,0.9217,0.5200,0.5180
[24][20/26],5.516,5.613,0.9700,0.9240,0.4400,0.5143
[24][21/26],6.132,5.636,0.8119,0.9189,0.6000,0.5182
[24][22/26],5.046,5.611,0.9441,0.9200,0.3200,0.5096
[24][23/26],5.720,5.615,0.8404,0.9167,0.6800,0.5167
[24][24/26],5.028,5.592,0.9802,0.9193,0.3600,0.5104
[24][25/26],1.574,5.437,0.9304,0.9194,0.3750,0.5087
[25][0/26],6.295,6.295,0.8610,0.8610,0.4800,0.4800
[25][1/26],5.758,6.027,1.1276,0.9943,0.4000,0.4400
[25][2/26],5.730,5.928,0.8911,0.9599,0.3200,0.4000
[25][3/26],5.906,5.922,0.8552,0.9337,0.6400,0.4600
[25][4/26],6.378,6.014,0.9519,0.9374,0.4400,0.4560
[25][5/26],5.162,5.872,0.8330,0.9200,0.6000,0.4800
[25][6/26],5.151,5.769,0.9420,0.9231,0.3200,0.4571
[25][7/26],5.136,5.690,0.8893,0.9189,0.4800,0.4600
[25][8/26],5.245,5.640,0.8607,0.9124,0.6000,0.4756
[25][9/26],5.481,5.624,0.9309,0.9143,0.5200,0.4800
[25][10/26],5.396,5.604,1.0895,0.9302,0.3600,0.4691
[25][11/26],6.209,5.654,0.7938,0.9188,0.6000,0.4800
[25][12/26],5.294,5.626,0.9629,0.9222,0.5600,0.4862
[25][13/26],4.813,5.568,0.9783,0.9262,0.4800,0.4857
[25][14/26],5.388,5.556,0.9441,0.9274,0.6400,0.4960
[25][15/26],5.463,5.550,0.8713,0.9239,0.4800,0.4950
[25][16/26],5.479,5.546,0.9338,0.9245,0.4400,0.4918
[25][17/26],5.205,5.527,0.8825,0.9222,0.4400,0.4889
[25][18/26],6.194,5.562,0.8630,0.9190,0.6000,0.4947
[25][19/26],5.134,5.541,0.9054,0.9184,0.4400,0.4920
[25][20/26],6.252,5.575,1.0895,0.9265,0.2000,0.4781
[25][21/26],5.695,5.580,0.8670,0.9238,0.4000,0.4745
[25][22/26],5.253,5.566,1.2365,0.9374,0.3600,0.4696
[25][23/26],5.604,5.568,0.8638,0.9343,0.4800,0.4700
[25][24/26],5.554,5.567,0.9573,0.9352,0.4800,0.4704
[25][25/26],1.839,5.424,0.8914,0.9347,0.5000,0.4708
[26][0/26],5.934,5.934,0.9117,0.9117,0.3600,0.3600
[26][1/26],5.392,5.663,1.1305,1.0211,0.2800,0.3200
[26][2/26],5.977,5.768,0.8421,0.9615,0.5600,0.4000
[26][3/26],5.313,5.654,0.9479,0.9581,0.4800,0.4200
[26][4/26],6.449,5.813,0.7981,0.9261,0.5200,0.4400
[26][5/26],5.043,5.685,0.9584,0.9315,0.4400,0.4400
[26][6/26],5.922,5.719,1.0538,0.9489,0.4800,0.4457
[26][7/26],5.486,5.690,0.9162,0.9448,0.4000,0.4400
[26][8/26],5.297,5.646,0.8706,0.9366,0.5200,0.4489
[26][9/26],5.470,5.628,0.8449,0.9274,0.5600,0.4600
[26][10/26],5.623,5.628,0.8239,0.9180,0.6400,0.4764
[26][11/26],6.031,5.661,0.8237,0.9102,0.4400,0.4733
[26][12/26],5.313,5.635,0.9258,0.9114,0.4400,0.4708
[26][13/26],6.100,5.668,0.8240,0.9051,0.5600,0.4771
[26][14/26],5.199,5.637,1.0418,0.9142,0.4400,0.4747
[26][15/26],5.651,5.637,0.9233,0.9148,0.4000,0.4700
[26][16/26],5.572,5.634,0.9544,0.9171,0.4400,0.4682
[26][17/26],5.384,5.620,0.8885,0.9155,0.5200,0.4711
[26][18/26],5.344,5.605,0.9347,0.9166,0.4400,0.4695
[26][19/26],5.839,5.617,0.7648,0.9090,0.6000,0.4760
[26][20/26],5.559,5.614,0.8818,0.9077,0.6400,0.4838
[26][21/26],5.628,5.615,0.9194,0.9082,0.6000,0.4891
[26][22/26],5.336,5.603,0.8870,0.9073,0.5200,0.4904
[26][23/26],5.072,5.581,0.8472,0.9048,0.5600,0.4933
[26][24/26],5.299,5.569,1.0978,0.9125,0.2400,0.4832
[26][25/26],1.977,5.431,1.1671,0.9157,0.5000,0.4834
[27][0/26],5.279,5.279,0.9208,0.9208,0.4400,0.4400
[27][1/26],5.540,5.409,0.8039,0.8624,0.6000,0.5200
[27][2/26],4.967,5.262,0.9782,0.9010,0.4400,0.4933
[27][3/26],6.014,5.450,0.8595,0.8906,0.4400,0.4800
[27][4/26],5.652,5.490,0.8691,0.8863,0.6000,0.5040
[27][5/26],5.319,5.462,0.9937,0.9042,0.3600,0.4800
[27][6/26],5.982,5.536,0.8728,0.8997,0.3600,0.4629
[27][7/26],5.199,5.494,0.9305,0.9036,0.6000,0.4800
[27][8/26],5.172,5.458,1.1138,0.9269,0.2800,0.4578
[27][9/26],5.664,5.479,0.8574,0.9200,0.5200,0.4640
[27][10/26],5.527,5.483,0.9014,0.9183,0.3600,0.4545
[27][11/26],5.492,5.484,0.8625,0.9136,0.4400,0.4533
[27][12/26],5.789,5.507,0.9781,0.9186,0.3600,0.4462
[27][13/26],4.945,5.467,0.8762,0.9156,0.6000,0.4571
[27][14/26],5.442,5.466,0.7611,0.9053,0.6000,0.4667
[27][15/26],6.556,5.534,0.9196,0.9062,0.4400,0.4650
[27][16/26],5.002,5.502,0.9036,0.9060,0.5200,0.4682
[27][17/26],5.417,5.498,0.9389,0.9078,0.4000,0.4644
[27][18/26],5.153,5.480,0.7858,0.9014,0.5600,0.4695
[27][19/26],5.980,5.505,0.9871,0.9057,0.4800,0.4700
[27][20/26],4.727,5.468,1.3310,0.9260,0.3200,0.4629
[27][21/26],5.718,5.479,0.7495,0.9179,0.7600,0.4764
[27][22/26],5.893,5.497,0.9364,0.9187,0.4400,0.4748
[27][23/26],5.249,5.487,1.0032,0.9223,0.4400,0.4733
[27][24/26],6.174,5.514,0.8025,0.9175,0.5600,0.4768
[27][25/26],1.927,5.376,0.8562,0.9167,0.3750,0.4755
[28][0/26],5.920,5.920,0.8592,0.8592,0.5200,0.5200
[28][1/26],5.679,5.799,0.9235,0.8914,0.4400,0.4800
[28][2/26],5.273,5.624,0.9257,0.9028,0.4800,0.4800
[28][3/26],4.755,5.407,0.8036,0.8780,0.7600,0.5500
[28][4/26],5.585,5.442,1.0057,0.9036,0.4400,0.5280
[28][5/26],5.173,5.397,0.9883,0.9177,0.4000,0.5067
[28][6/26],6.151,5.505,0.8942,0.9143,0.5200,0.5086
[28][7/26],5.605,5.518,0.8913,0.9114,0.5200,0.5100
[28][8/26],5.469,5.512,0.9259,0.9131,0.5600,0.5156
[28][9/26],6.028,5.564,0.9799,0.9197,0.4000,0.5040
[28][10/26],5.785,5.584,0.9242,0.9201,0.5200,0.5055
[28][11/26],5.681,5.592,0.9052,0.9189,0.4800,0.5033
[28][12/26],5.533,5.587,0.9424,0.9207,0.3600,0.4923
[28][13/26],4.863,5.536,0.9632,0.9237,0.3200,0.4800
[28][14/26],5.939,5.563,0.8398,0.9181,0.4800,0.4800
[28][15/26],5.301,5.546,0.9988,0.9232,0.2800,0.4675
[28][16/26],5.441,5.540,0.9143,0.9227,0.4400,0.4659
[28][17/26],5.496,5.538,0.8895,0.9208,0.5200,0.4689
[28][18/26],6.131,5.569,1.1565,0.9332,0.3600,0.4632
[28][19/26],6.030,5.592,0.9486,0.9340,0.5200,0.4660
[28][20/26],5.218,5.574,1.1180,0.9428,0.4000,0.4629
[28][21/26],5.637,5.577,0.8143,0.9369,0.5600,0.4673
[28][22/26],5.989,5.595,0.8337,0.9324,0.5200,0.4696
[28][23/26],5.479,5.590,0.9762,0.9343,0.3200,0.4633
[28][24/26],5.661,5.593,0.8530,0.9310,0.4400,0.4624
[28][25/26],1.626,5.440,0.9288,0.9310,0.6250,0.4645
[29][0/26],5.580,5.580,0.8984,0.8984,0.4800,0.4800
[29][1/26],5.081,5.330,0.9338,0.9161,0.4000,0.4400
[29][2/26],5.163,5.275,0.9650,0.9324,0.5200,0.4667
[29][3/26],5.151,5.244,0.8261,0.9058,0.6400,0.5100
[29][4/26],5.717,5.338,1.0127,0.9272,0.4800,0.5040
[29][5/26],6.058,5.458,0.8124,0.9081,0.5600,0.5133
[29][6/26],5.791,5.506,0.8884,0.9053,0.4400,0.5029
[29][7/26],5.931,5.559,0.8572,0.8993,0.5600,0.5100
[29][8/26],5.197,5.519,1.1013,0.9217,0.2400,0.4800
[29][9/26],5.552,5.522,1.0166,0.9312,0.5200,0.4840
[29][10/26],5.529,5.523,0.8891,0.9274,0.5200,0.4873
[29][11/26],5.378,5.511,0.8545,0.9213,0.5200,0.4900
[29][12/26],5.286,5.493,0.9852,0.9262,0.4800,0.4892
[29][13/26],6.239,5.547,0.8520,0.9209,0.4400,0.4857
[29][14/26],5.766,5.561,0.7952,0.9125,0.5600,0.4907
[29][15/26],5.869,5.580,0.8208,0.9068,0.6000,0.4975
[29][16/26],6.000,5.605,0.8446,0.9031,0.4400,0.4941
[29][17/26],5.384,5.593,0.8503,0.9002,0.6000,0.5000
[29][18/26],4.911,5.557,1.0375,0.9074,0.3200,0.4905
[29][19/26],5.455,5.552,0.9436,0.9092,0.4000,0.4860
[29][20/26],5.638,5.556,0.9796,0.9126,0.4800,0.4857
[29][21/26],5.727,5.564,0.9582,0.9147,0.4400,0.4836
[29][22/26],5.658,5.568,0.9401,0.9158,0.4800,0.4835
[29][23/26],5.259,5.555,0.9293,0.9163,0.4000,0.4800
[29][24/26],5.969,5.571,0.8363,0.9131,0.6000,0.4848
[29][25/26],1.679,5.422,0.8394,0.9122,0.8750,0.4897
[30][0/26],5.238,5.238,0.8374,0.8374,0.5600,0.5600
[30][1/26],5.519,5.378,0.9605,0.8989,0.5200,0.5400
[30][2/26],4.868,5.208,0.8071,0.8683,0.6000,0.5600
[30][3/26],5.632,5.314,0.9479,0.8882,0.4800,0.5400
[30][4/26],5.435,5.338,0.8950,0.8896,0.5600,0.5440
[30][5/26],5.455,5.358,1.0252,0.9122,0.3600,0.5133
[30][6/26],5.610,5.394,0.9594,0.9189,0.5200,0.5143
[30][7/26],5.882,5.455,0.8130,0.9057,0.6400,0.5300
[30][8/26],6.034,5.519,0.9335,0.9088,0.5600,0.5333
[30][9/26],5.151,5.482,1.2638,0.9443,0.4400,0.5240
[30][10/26],5.377,5.473,0.8529,0.9360,0.5200,0.5236
[30][11/26],5.134,5.445,0.9104,0.9338,0.4000,0.5133
[30][12/26],5.934,5.482,1.1358,0.9494,0.4400,0.5077
[30][13/26],5.710,5.499,0.7295,0.9337,0.6800,0.5200
[30][14/26],5.370,5.490,0.9145,0.9324,0.4800,0.5173
[30][15/26],5.550,5.494,0.8554,0.9276,0.5600,0.5200
[30][16/26],5.388,5.488,0.8606,0.9236,0.6000,0.5247
[30][17/26],5.438,5.485,0.9961,0.9277,0.4400,0.5200
[30][18/26],5.912,5.507,0.8768,0.9250,0.7200,0.5305
[30][19/26],5.429,5.503,0.8225,0.9199,0.5200,0.5300
[30][20/26],5.716,5.513,0.8506,0.9166,0.4800,0.5276
[30][21/26],5.621,5.518,0.9308,0.9172,0.6000,0.5309
[30][22/26],6.130,5.545,1.0278,0.9220,0.3200,0.5217
[30][23/26],5.327,5.536,0.9805,0.9245,0.3600,0.5150
[30][24/26],5.169,5.521,1.0066,0.9277,0.4000,0.5104
[30][25/26],2.149,5.391,0.6967,0.9248,0.6250,0.5118
[31][0/26],6.132,6.132,0.8995,0.8995,0.4400,0.4400
[31][1/26],5.704,5.918,0.8209,0.8602,0.6000,0.5200
[31][2/26],5.381,5.739,0.8173,0.8459,0.6000,0.5467
[31][3/26],6.061,5.819,1.0092,0.8867,0.4000,0.5100
[31][4/26],5.318,5.719,0.8627,0.8819,0.4000,0.4880
[31][5/26],5.688,5.714,1.0985,0.9180,0.3200,0.4600
[31][6/26],5.804,5.727,1.0572,0.9379,0.4800,0.4629
[31][7/26],5.600,5.711,0.7740,0.9174,0.6800,0.4900
[31][8/26],6.196,5.765,0.8505,0.9100,0.4400,0.4844
[31][9/26],5.533,5.742,0.8732,0.9063,0.5600,0.4920
[31][10/26],4.873,5.663,0.9030,0.9060,0.5200,0.4945
[31][11/26],5.851,5.678,0.9649,0.9109,0.4400,0.4900
[31][12/26],5.705,5.680,0.8509,0.9063,0.5200,0.4923
[31][13/26],5.096,5.639,0.9139,0.9068,0.6400,0.5029
[31][14/26],5.130,5.605,0.7769,0.8982,0.7200,0.5173
[31][15/26],5.963,5.627,0.9476,0.9013,0.4400,0.5125
[31][16/26],5.112,5.597,0.8888,0.9005,0.4800,0.5106
[31][17/26],5.211,5.575,0.9053,0.9008,0.4800,0.5089
[31][18/26],5.311,5.561,0.9194,0.9018,0.5200,0.5095
[31][19/26],5.319,5.549,0.9297,0.9032,0.6000,0.5140
[31][20/26],5.077,5.527,0.9295,0.9044,0.6800,0.5219
[31][21/26],5.694,5.534,0.9550,0.9067,0.3200,0.5127
[31][22/26],5.615,5.538,0.7937,0.9018,0.6800,0.5200
[31][23/26],5.555,5.539,1.0010,0.9059,0.6000,0.5233
[31][24/26],5.004,5.517,0.7548,0.8999,0.6000,0.5264
[31][25/26],2.009,5.382,0.8488,0.8992,0.3750,0.5245
[32][0/26],5.886,5.886,0.8593,0.8593,0.4800,0.4800
[32][1/26],5.327,5.607,1.1202,0.9897,0.3200,0.4000
[32][2/26],5.560,5.591,0.9189,0.9661,0.4800,0.4267
[32][3/26],5.934,5.677,0.9743,0.9682,0.5600,0.4600
[32][4/26],6.684,5.878,0.7385,0.9222,0.7600,0.5200
[32][5/26],6.217,5.935,0.9423,0.9256,0.5200,0.5200
[32][6/26],5.629,5.891,0.8276,0.9116,0.5200,0.5200
[32][7/26],6.419,5.957,0.8420,0.9029,0.5200,0.5200
[32][8/26],5.966,5.958,0.8527,0.8973,0.5600,0.5244
[32][9/26],5.207,5.883,0.9785,0.9054,0.3600,0.5080
[32][10/26],5.377,5.837,0.8670,0.9019,0.4400,0.5018
[32][11/26],6.277,5.874,0.7790,0.8917,0.6400,0.5133
[32][12/26],5.066,5.812,0.8670,0.8898,0.6000,0.5200
[32][13/26],5.812,5.812,0.7434,0.8793,0.7200,0.5343
[32][14/26],5.412,5.785,0.8443,0.8770,0.4400,0.5280
[32][15/26],5.677,5.778,1.0247,0.8862,0.4000,0.5200
[32][16/26],5.151,5.741,0.8866,0.8863,0.4000,0.5129
[32][17/26],5.804,5.745,0.8234,0.8828,0.5200,0.5133
[32][18/26],5.112,5.711,0.9272,0.8851,0.5200,0.5137
[32][19/26],5.513,5.702,0.9815,0.8899,0.4400,0.5100
[32][20/26],6.296,5.730,0.8502,0.8880,0.4800,0.5086
[32][21/26],5.880,5.737,0.8952,0.8884,0.5600,0.5109
[32][22/26],5.300,5.718,0.8896,0.8884,0.5200,0.5113
[32][23/26],5.518,5.709,0.8293,0.8860,0.6000,0.5150
[32][24/26],5.766,5.712,0.8015,0.8826,0.6400,0.5200
[32][25/26],1.684,5.557,1.0483,0.8847,0.3750,0.5182
[33][0/26],5.479,5.479,0.9023,0.9023,0.4800,0.4800
[33][1/26],5.154,5.316,0.7815,0.8419,0.5600,0.5200
[33][2/26],5.816,5.483,1.0418,0.9085,0.3600,0.4667
[33][3/26],5.620,5.517,0.7407,0.8666,0.6400,0.5100
[33][4/26],5.645,5.543,0.7963,0.8525,0.6800,0.5440
[33][5/26],5.478,5.532,0.9163,0.8632,0.6400,0.5600
[33][6/26],5.972,5.595,0.8366,0.8594,0.5600,0.5600
[33][7/26],5.685,5.606,0.8762,0.8615,0.6400,0.5700
[33][8/26],5.506,5.595,0.8813,0.8637,0.6000,0.5733
[33][9/26],5.668,5.602,0.7301,0.8503,0.6800,0.5840
[33][10/26],4.721,5.522,0.7766,0.8436,0.6400,0.5891
[33][11/26],5.161,5.492,0.8438,0.8436,0.5200,0.5833
[33][12/26],5.705,5.508,0.9679,0.8532,0.4000,0.5692
[33][13/26],4.842,5.461,0.9368,0.8592,0.4400,0.5600
[33][14/26],5.369,5.455,0.7661,0.8530,0.8400,0.5787
[33][15/26],6.143,5.498,0.8566,0.8532,0.5200,0.5750
[33][16/26],5.583,5.503,0.8809,0.8548,0.5200,0.5718
[33][17/26],5.539,5.505,0.8448,0.8543,0.5600,0.5711
[33][18/26],5.337,5.496,0.9015,0.8568,0.5600,0.5705
[33][19/26],5.608,5.501,0.8087,0.8543,0.6400,0.5740
[33][20/26],6.458,5.547,0.7548,0.8496,0.6400,0.5771
[33][21/26],6.405,5.586,0.9592,0.8546,0.4800,0.5727
[33][22/26],5.662,5.589,1.0139,0.8615,0.3200,0.5617
[33][23/26],5.621,5.591,0.7481,0.8568,0.6400,0.5650
[33][24/26],5.271,5.578,0.8316,0.8558,0.5600,0.5648
[33][25/26],1.741,5.430,0.8191,0.8553,0.3750,0.5624
[34][0/26],5.303,5.303,0.9339,0.9339,0.5600,0.5600
[34][1/26],6.289,5.796,0.8576,0.8958,0.4400,0.5000
[34][2/26],5.528,5.706,0.8711,0.8876,0.4800,0.4933
[34][3/26],5.489,5.652,0.8046,0.8668,0.6000,0.5200
[34][4/26],5.937,5.709,0.8576,0.8650,0.5600,0.5280
[34][5/26],5.440,5.664,0.8931,0.8697,0.4800,0.5200
[34][6/26],5.999,5.712,0.8925,0.8729,0.6800,0.5429
[34][7/26],5.264,5.656,0.7599,0.8588,0.6000,0.5500
[34][8/26],5.015,5.585,0.9444,0.8683,0.2800,0.5200
[34][9/26],5.332,5.559,0.8920,0.8707,0.5200,0.5200
[34][10/26],5.202,5.527,0.8778,0.8713,0.4400,0.5127
[34][11/26],5.043,5.487,0.8728,0.8715,0.4800,0.5100
[34][12/26],5.603,5.496,0.7845,0.8648,0.5200,0.5108
[34][13/26],5.694,5.510,0.8404,0.8630,0.6000,0.5171
[34][14/26],5.139,5.485,0.9096,0.8661,0.4800,0.5147
[34][15/26],5.131,5.463,0.8643,0.8660,0.4400,0.5100
[34][16/26],5.111,5.442,0.7324,0.8581,0.6800,0.5200
[34][17/26],5.753,5.460,0.7467,0.8520,0.8000,0.5356
[34][18/26],5.906,5.483,0.8149,0.8500,0.4800,0.5326
[34][19/26],5.962,5.507,0.8988,0.8524,0.4000,0.5260
[34][20/26],5.381,5.501,0.8331,0.8515,0.4400,0.5219
[34][21/26],5.120,5.484,0.9086,0.8541,0.6000,0.5255
[34][22/26],5.659,5.491,0.8081,0.8521,0.6800,0.5322
[34][23/26],6.043,5.514,0.7919,0.8496,0.4800,0.5300
[34][24/26],6.428,5.551,0.9162,0.8523,0.5600,0.5312
[34][25/26],1.729,5.404,0.8516,0.8523,0.7500,0.5340
[35][0/26],5.418,5.418,0.7565,0.7565,0.6000,0.6000
[35][1/26],5.441,5.430,0.8935,0.8250,0.5200,0.5600
[35][2/26],5.323,5.394,0.8329,0.8276,0.5200,0.5467
[35][3/26],5.171,5.339,0.7578,0.8102,0.6400,0.5700
[35][4/26],4.945,5.260,1.0564,0.8594,0.4400,0.5440
[35][5/26],5.819,5.353,0.8994,0.8661,0.4400,0.5267
[35][6/26],5.465,5.369,0.8252,0.8603,0.5200,0.5257
[35][7/26],6.120,5.463,0.7959,0.8522,0.5600,0.5300
[35][8/26],5.867,5.508,0.9337,0.8613,0.6000,0.5378
[35][9/26],5.449,5.502,0.7761,0.8528,0.6000,0.5440
[35][10/26],5.832,5.532,0.8938,0.8565,0.5600,0.5455
[35][11/26],5.790,5.553,0.8899,0.8593,0.4000,0.5333
[35][12/26],5.741,5.568,0.8200,0.8562,0.6400,0.5415
[35][13/26],5.460,5.560,0.9414,0.8623,0.4800,0.5371
[35][14/26],5.559,5.560,0.8040,0.8584,0.6400,0.5440
[35][15/26],5.337,5.546,0.7927,0.8543,0.6000,0.5475
[35][16/26],5.127,5.521,0.8084,0.8516,0.6800,0.5553
[35][17/26],6.129,5.555,0.8333,0.8506,0.6000,0.5578
[35][18/26],5.786,5.567,0.7847,0.8471,0.6000,0.5600
[35][19/26],4.892,5.534,0.8871,0.8491,0.4800,0.5560
[35][20/26],5.550,5.534,0.8549,0.8494,0.5200,0.5543
[35][21/26],5.467,5.531,0.7616,0.8454,0.6400,0.5582
[35][22/26],5.576,5.533,0.7694,0.8421,0.7600,0.5670
[35][23/26],5.824,5.545,0.8806,0.8437,0.5200,0.5650
[35][24/26],6.053,5.566,0.9445,0.8477,0.4400,0.5600
[35][25/26],1.840,5.422,1.0115,0.8498,0.3750,0.5577
[36][0/26],5.354,5.354,0.7311,0.7311,0.6000,0.6000
[36][1/26],5.223,5.288,0.8450,0.7881,0.4800,0.5400
[36][2/26],5.021,5.199,0.8665,0.8142,0.5200,0.5333
[36][3/26],5.696,5.323,0.7659,0.8021,0.6800,0.5700
[36][4/26],5.384,5.335,0.7961,0.8009,0.5600,0.5680
[36][5/26],5.785,5.410,0.8005,0.8009,0.6000,0.5733
[36][6/26],5.258,5.389,0.7600,0.7950,0.5600,0.5714
[36][7/26],5.304,5.378,0.8004,0.7957,0.5600,0.5700
[36][8/26],5.335,5.373,0.8929,0.8065,0.4800,0.5600
[36][9/26],4.913,5.327,1.0816,0.8340,0.5200,0.5560
[36][10/26],4.969,5.295,0.7719,0.8284,0.7200,0.5709
[36][11/26],5.817,5.338,0.6689,0.8151,0.6000,0.5733
[36][12/26],5.444,5.346,0.8045,0.8143,0.7200,0.5846
[36][13/26],6.147,5.403,0.9494,0.8239,0.4000,0.5714
[36][14/26],5.656,5.420,0.7476,0.8188,0.6000,0.5733
[36][15/26],5.209,5.407,0.8999,0.8239,0.4800,0.5675
[36][16/26],6.109,5.448,0.8718,0.8267,0.6000,0.5694
[36][17/26],5.474,5.450,0.8111,0.8258,0.5200,0.5667
[36][18/26],5.253,5.439,0.7294,0.8208,0.7200,0.5747
[36][19/26],6.168,5.476,0.8592,0.8227,0.4400,0.5680
[36][20/26],6.498,5.524,0.9006,0.8264,0.3600,0.5581
[36][21/26],5.559,5.526,0.6730,0.8194,0.6000,0.5600
[36][22/26],5.754,5.536,0.9520,0.8252,0.4800,0.5565
[36][23/26],6.026,5.556,0.7333,0.8214,0.6800,0.5617
[36][24/26],5.280,5.545,0.9193,0.8253,0.6000,0.5632
[36][25/26],1.770,5.400,0.7525,0.8244,0.6250,0.5640
[37][0/26],5.343,5.343,0.7248,0.7248,0.6000,0.6000
[37][1/26],5.743,5.543,0.7978,0.7613,0.6800,0.6400
[37][2/26],6.123,5.736,0.6944,0.7390,0.6400,0.6400
[37][3/26],5.834,5.761,0.7882,0.7513,0.6000,0.6300
[37][4/26],6.285,5.866,0.7998,0.7610,0.6000,0.6240
[37][5/26],5.921,5.875,0.9820,0.7978,0.5600,0.6133
[37][6/26],5.509,5.823,0.7973,0.7978,0.6000,0.6114
[37][7/26],5.590,5.794,0.8323,0.8021,0.5600,0.6050
[37][8/26],5.318,5.741,0.9947,0.8235,0.4000,0.5822
[37][9/26],5.309,5.698,0.7719,0.8183,0.6000,0.5840
[37][10/26],5.407,5.671,0.8829,0.8242,0.4800,0.5745
[37][11/26],5.252,5.636,0.7645,0.8192,0.7200,0.5867
[37][12/26],5.391,5.617,0.8073,0.8183,0.5600,0.5846
[37][13/26],5.930,5.640,0.7461,0.8131,0.6800,0.5914
[37][14/26],4.708,5.578,0.8250,0.8139,0.4800,0.5840
[37][15/26],5.138,5.550,0.7227,0.8082,0.5600,0.5825
[37][16/26],5.461,5.545,0.9132,0.8144,0.4800,0.5765
[37][17/26],5.118,5.521,0.7988,0.8135,0.6400,0.5800
[37][18/26],5.084,5.498,0.7895,0.8123,0.5600,0.5789
[37][19/26],5.009,5.474,1.0768,0.8255,0.5600,0.5780
[37][20/26],5.468,5.473,0.9428,0.8311,0.6400,0.5810
[37][21/26],5.330,5.467,0.7659,0.8281,0.6000,0.5818
[37][22/26],5.340,5.461,0.8701,0.8299,0.4400,0.5757
[37][23/26],5.778,5.475,0.8636,0.8313,0.4800,0.5717
[37][24/26],6.392,5.511,0.8597,0.8325,0.6000,0.5728
[37][25/26],1.757,5.367,0.8472,0.8327,0.5000,0.5719
[38][0/26],5.642,5.642,0.7165,0.7165,0.5600,0.5600
[38][1/26],5.192,5.417,0.6778,0.6972,0.7600,0.6600
[38][2/26],5.542,5.459,0.7547,0.7163,0.5200,0.6133
[38][3/26],5.530,5.476,0.9039,0.7632,0.4400,0.5700
[38][4/26],5.251,5.431,0.7567,0.7619,0.6800,0.5920
[38][5/26],5.881,5.506,0.7089,0.7531,0.6400,0.6000
[38][6/26],5.671,5.530,0.7248,0.7490,0.6400,0.6057
[38][7/26],5.413,5.515,0.9799,0.7779,0.4400,0.5850
[38][8/26],5.831,5.550,0.9401,0.7959,0.5200,0.5778
[38][9/26],5.766,5.572,0.8001,0.7963,0.6400,0.5840
[38][10/26],5.523,5.567,0.7920,0.7959,0.7600,0.6000
[38][11/26],5.556,5.566,0.7232,0.7899,0.6000,0.6000
[38][12/26],6.050,5.604,0.7042,0.7833,0.6800,0.6062
[38][13/26],6.198,5.646,0.8147,0.7855,0.4400,0.5943
[38][14/26],5.290,5.622,0.9607,0.7972,0.4800,0.5867
[38][15/26],5.548,5.618,0.7392,0.7936,0.6400,0.5900
[38][16/26],5.642,5.619,0.8163,0.7949,0.5600,0.5882
[38][17/26],5.903,5.635,0.9588,0.8040,0.4800,0.5822
[38][18/26],5.758,5.641,0.8446,0.8062,0.4800,0.5768
[38][19/26],6.454,5.682,0.7381,0.8028,0.5600,0.5760
[38][20/26],4.737,5.637,0.8336,0.8042,0.5200,0.5733
[38][21/26],5.079,5.612,0.8626,0.8069,0.5600,0.5727
[38][22/26],5.679,5.615,0.7795,0.8057,0.5600,0.5722
[38][23/26],6.075,5.634,0.7917,0.8051,0.7200,0.5783
[38][24/26],5.541,5.630,0.9315,0.8102,0.4800,0.5744
[38][25/26],1.620,5.476,0.6871,0.8086,0.7500,0.5766
[39][0/26],5.743,5.743,0.8208,0.8208,0.5200,0.5200
[39][1/26],6.009,5.876,0.7526,0.7867,0.6000,0.5600
[39][2/26],5.719,5.824,0.7499,0.7744,0.7200,0.6133
[39][3/26],5.602,5.768,0.8393,0.7906,0.4400,0.5700
[39][4/26],6.587,5.932,0.8807,0.8086,0.5200,0.5600
[39][5/26],5.083,5.790,0.9237,0.8278,0.4000,0.5333
[39][6/26],6.178,5.846,0.7196,0.8124,0.6800,0.5543
[39][7/26],5.094,5.752,0.6774,0.7955,0.7600,0.5800
[39][8/26],5.404,5.713,0.9351,0.8110,0.5600,0.5778
[39][9/26],5.940,5.736,0.8263,0.8125,0.5200,0.5720
[39][10/26],5.608,5.724,0.7756,0.8092,0.5600,0.5709
[39][11/26],5.738,5.725,0.9511,0.8210,0.4000,0.5567
[39][12/26],6.066,5.751,0.8006,0.8194,0.5200,0.5538
[39][13/26],5.455,5.730,0.7692,0.8158,0.6000,0.5571
[39][14/26],5.123,5.690,0.8282,0.8167,0.6000,0.5600
[39][15/26],5.873,5.701,0.6965,0.8092,0.6000,0.5625
[39][16/26],5.738,5.703,0.9062,0.8149,0.4000,0.5529
[39][17/26],6.351,5.739,0.7580,0.8117,0.6400,0.5578
[39][18/26],5.239,5.713,0.7859,0.8103,0.5600,0.5579
[39][19/26],4.795,5.667,0.7350,0.8066,0.6000,0.5600
[39][20/26],5.024,5.637,0.8549,0.8089,0.6400,0.5638
[39][21/26],5.052,5.610,0.9161,0.8138,0.4000,0.5564
[39][22/26],5.477,5.604,0.6291,0.8057,0.7600,0.5652
[39][23/26],5.298,5.592,0.8523,0.8077,0.6800,0.5700
[39][24/26],5.247,5.578,0.8371,0.8088,0.5200,0.5680
[39][25/26],1.861,5.435,1.1193,0.8128,0.3750,0.5656
[40][0/26],5.864,5.864,0.9076,0.9076,0.6800,0.6800
[40][1/26],5.335,5.600,0.7739,0.8407,0.5600,0.6200
[40][2/26],5.069,5.423,0.7490,0.8102,0.6000,0.6133
[40][3/26],5.863,5.533,0.9140,0.8361,0.4800,0.5800
[40][4/26],5.286,5.484,0.7831,0.8255,0.6000,0.5840
[40][5/26],5.435,5.475,0.7777,0.8176,0.4800,0.5667
[40][6/26],5.325,5.454,0.8182,0.8176,0.5600,0.5657
[40][7/26],5.704,5.485,0.9079,0.8289,0.3600,0.5400
[40][8/26],5.938,5.536,0.7895,0.8246,0.5200,0.5378
[40][9/26],5.484,5.530,0.8078,0.8229,0.4800,0.5320
[40][10/26],5.250,5.505,0.8534,0.8257,0.6000,0.5382
[40][11/26],5.494,5.504,0.8441,0.8272,0.4400,0.5300
[40][12/26],5.705,5.519,0.6812,0.8160,0.6400,0.5385
[40][13/26],5.949,5.550,0.7245,0.8094,0.7600,0.5543
[40][14/26],5.498,5.547,0.8118,0.8096,0.8000,0.5707
[40][15/26],5.289,5.531,0.9506,0.8184,0.6400,0.5750
[40][16/26],5.611,5.535,0.6679,0.8095,0.6400,0.5788
[40][17/26],5.613,5.540,0.7301,0.8051,0.6000,0.5800
[40][18/26],5.424,5.533,0.8712,0.8086,0.6000,0.5811
[40][19/26],5.274,5.521,0.7753,0.8069,0.6800,0.5860
[40][20/26],5.692,5.529,0.9079,0.8118,0.5200,0.5829
[40][21/26],5.427,5.524,0.7260,0.8079,0.6000,0.5836
[40][22/26],5.728,5.533,0.7392,0.8049,0.6400,0.5861
[40][23/26],5.427,5.529,0.6487,0.7984,0.7600,0.5933
[40][24/26],5.581,5.531,0.7652,0.7970,0.4400,0.5872
[40][25/26],1.965,5.393,0.7320,0.7962,0.5000,0.5861
[41][0/26],5.393,5.393,0.7963,0.7963,0.5200,0.5200
[41][1/26],5.651,5.522,0.7868,0.7916,0.5600,0.5400
[41][2/26],5.467,5.504,0.7841,0.7891,0.5600,0.5467
[41][3/26],5.325,5.459,0.7991,0.7916,0.5600,0.5500
[41][4/26],5.189,5.405,0.6599,0.7652,0.7200,0.5840
[41][5/26],5.283,5.385,0.8151,0.7736,0.6000,0.5867
[41][6/26],5.643,5.422,0.7816,0.7747,0.5600,0.5829
[41][7/26],5.538,5.436,0.7316,0.7693,0.5600,0.5800
[41][8/26],5.237,5.414,0.7749,0.7699,0.5600,0.5778
[41][9/26],5.371,5.410,1.0663,0.7996,0.4000,0.5600
[41][10/26],6.580,5.516,0.8115,0.8007,0.7600,0.5782
[41][11/26],5.708,5.532,0.7605,0.7973,0.7200,0.5900
[41][12/26],5.465,5.527,0.7945,0.7971,0.6000,0.5908
[41][13/26],4.856,5.479,0.7720,0.7953,0.5200,0.5857
[41][14/26],5.185,5.459,0.8373,0.7981,0.5600,0.5840
[41][15/26],5.456,5.459,0.7037,0.7922,0.6800,0.5900
[41][16/26],5.335,5.452,0.9050,0.7988,0.6800,0.5953
[41][17/26],5.643,5.463,0.8448,0.8014,0.5200,0.5911
[41][18/26],6.102,5.496,0.7957,0.8011,0.5200,0.5874
[41][19/26],5.774,5.510,0.9757,0.8098,0.3600,0.5760
[41][20/26],5.494,5.509,0.7104,0.8051,0.6000,0.5771
[41][21/26],6.108,5.536,0.6371,0.7975,0.7200,0.5836
[41][22/26],6.105,5.561,0.7849,0.7969,0.6000,0.5843
[41][23/26],5.886,5.575,0.7388,0.7945,0.5600,0.5833
[41][24/26],5.848,5.586,0.6544,0.7889,0.6000,0.5840
[41][25/26],1.956,5.446,0.6298,0.7869,0.6250,0.5845
[42][0/26],5.589,5.589,0.7491,0.7491,0.6000,0.6000
[42][1/26],5.591,5.590,1.1160,0.9325,0.3200,0.4600
[42][2/26],5.583,5.588,0.6827,0.8493,0.5600,0.4933
[42][3/26],5.957,5.680,0.7296,0.8193,0.4400,0.4800
[42][4/26],5.367,5.618,0.7826,0.8120,0.6000,0.5040
[42][5/26],5.913,5.667,0.8188,0.8131,0.6000,0.5200
[42][6/26],5.455,5.637,0.8866,0.8236,0.6000,0.5314
[42][7/26],6.085,5.693,0.5956,0.7951,0.6400,0.5450
[42][8/26],5.841,5.709,0.7513,0.7903,0.8000,0.5733
[42][9/26],5.613,5.699,0.6838,0.7796,0.6800,0.5840
[42][10/26],6.069,5.733,0.7610,0.7779,0.3600,0.5636
[42][11/26],5.513,5.715,0.7850,0.7785,0.6400,0.5700
[42][12/26],5.579,5.704,0.7957,0.7798,0.4400,0.5600
[42][13/26],5.592,5.696,0.6497,0.7705,0.7200,0.5714
[42][14/26],5.239,5.666,0.8465,0.7756,0.6000,0.5733
[42][15/26],5.213,5.638,0.8035,0.7773,0.6000,0.5750
[42][16/26],5.262,5.615,0.7318,0.7747,0.7200,0.5835
[42][17/26],5.484,5.608,0.6881,0.7699,0.7200,0.5911
[42][18/26],5.988,5.628,0.5682,0.7592,0.7600,0.6000
[42][19/26],5.425,5.618,0.7499,0.7588,0.6000,0.6000
[42][20/26],5.355,5.605,0.6539,0.7538,0.6400,0.6019
[42][21/26],5.444,5.598,0.8742,0.7593,0.5600,0.6000
[42][22/26],5.213,5.581,0.7930,0.7607,0.5600,0.5983
[42][23/26],5.333,5.571,1.0462,0.7726,0.4800,0.5933
[42][24/26],5.525,5.569,0.8224,0.7746,0.4800,0.5888
[42][25/26],1.755,5.423,1.1706,0.7796,0.2500,0.5845
[43][0/26],5.864,5.864,0.7256,0.7256,0.6000,0.6000
[43][1/26],5.471,5.667,0.7488,0.7372,0.5600,0.5800
[43][2/26],5.133,5.489,0.7369,0.7371,0.6000,0.5867
[43][3/26],5.303,5.443,0.9761,0.7968,0.5200,0.5700
[43][4/26],5.970,5.548,0.6207,0.7616,0.6800,0.5920
[43][5/26],5.164,5.484,0.6604,0.7448,0.7200,0.6133
[43][6/26],5.761,5.524,0.6424,0.7301,0.6800,0.6229
[43][7/26],5.531,5.525,0.6099,0.7151,0.7200,0.6350
[43][8/26],5.447,5.516,1.1107,0.7591,0.4000,0.6089
[43][9/26],5.239,5.488,1.0069,0.7839,0.6000,0.6080
[43][10/26],5.552,5.494,1.0696,0.8098,0.4400,0.5927
[43][11/26],5.134,5.464,0.8326,0.8117,0.4800,0.5833
[43][12/26],5.660,5.479,0.9560,0.8228,0.4800,0.5754
[43][13/26],5.747,5.498,0.7427,0.8171,0.6000,0.5771
[43][14/26],5.493,5.498,0.6908,0.8087,0.7600,0.5893
[43][15/26],5.229,5.481,0.7261,0.8035,0.6400,0.5925
[43][16/26],5.744,5.497,0.6769,0.7961,0.6000,0.5929
[43][17/26],5.114,5.475,0.7705,0.7947,0.4800,0.5867
[43][18/26],5.322,5.467,0.7078,0.7901,0.7600,0.5958
[43][19/26],5.330,5.460,0.7638,0.7888,0.5600,0.5940
[43][20/26],6.371,5.504,0.7411,0.7865,0.6400,0.5962
[43][21/26],5.991,5.526,0.7075,0.7829,0.5600,0.5945
[43][22/26],5.770,5.536,0.7332,0.7807,0.5600,0.5930
[43][23/26],5.845,5.549,0.6966,0.7772,0.5200,0.5900
[43][24/26],5.653,5.553,0.7350,0.7756,0.5600,0.5888
[43][25/26],1.933,5.414,0.6842,0.7744,0.7500,0.5908
[44][0/26],5.283,5.283,0.8229,0.8229,0.6800,0.6800
[44][1/26],5.466,5.374,0.6670,0.7450,0.6400,0.6600
[44][2/26],5.297,5.349,0.8449,0.7783,0.5200,0.6133
[44][3/26],5.564,5.402,0.7615,0.7741,0.5600,0.6000
[44][4/26],6.151,5.552,0.8436,0.7880,0.5600,0.5920
[44][5/26],5.730,5.582,0.7708,0.7851,0.6000,0.5933
[44][6/26],5.551,5.577,0.7132,0.7749,0.5600,0.5886
[44][7/26],5.982,5.628,0.8438,0.7835,0.6400,0.5950
[44][8/26],6.187,5.690,0.7525,0.7800,0.6800,0.6044
[44][9/26],5.868,5.708,0.7339,0.7754,0.5600,0.6000
[44][10/26],5.755,5.712,0.8945,0.7862,0.5200,0.5927
[44][11/26],5.718,5.713,0.5830,0.7693,0.8000,0.6100
[44][12/26],5.176,5.671,0.7142,0.7651,0.6000,0.6092
[44][13/26],4.997,5.623,0.6982,0.7603,0.6000,0.6086
[44][14/26],5.621,5.623,0.7656,0.7606,0.6400,0.6107
[44][15/26],5.753,5.631,0.8059,0.7635,0.4000,0.5975
[44][16/26],5.589,5.629,0.7894,0.7650,0.5600,0.5953
[44][17/26],4.968,5.592,0.7204,0.7625,0.6800,0.6000
[44][18/26],5.637,5.594,0.7407,0.7614,0.4400,0.5916
[44][19/26],5.268,5.578,0.8408,0.7654,0.6000,0.5920
[44][20/26],4.934,5.547,0.6485,0.7598,0.6000,0.5924
[44][21/26],5.776,5.558,0.7525,0.7595,0.6400,0.5945
[44][22/26],5.528,5.556,0.7060,0.7571,0.6800,0.5983
[44][23/26],5.718,5.563,0.6280,0.7517,0.6000,0.5983
[44][24/26],5.512,5.561,0.9024,0.7578,0.4400,0.5920
[44][25/26],2.083,5.427,0.6320,0.7562,0.7500,0.5940
[45][0/26],5.064,5.064,0.7090,0.7090,0.7200,0.7200
[45][1/26],5.501,5.282,0.7035,0.7062,0.6800,0.7000
[45][2/26],5.728,5.431,0.7046,0.7057,0.6000,0.6667
[45][3/26],5.486,5.445,0.6525,0.6924,0.6800,0.6700
[45][4/26],5.554,5.466,0.8578,0.7255,0.6000,0.6560
[45][5/26],5.363,5.449,0.8348,0.7437,0.5200,0.6333
[45][6/26],5.408,5.443,0.7656,0.7468,0.3600,0.5943
[45][7/26],6.396,5.562,0.6077,0.7294,0.8000,0.6200
[45][8/26],5.920,5.602,0.7162,0.7280,0.4800,0.6044
[45][9/26],5.483,5.590,0.6731,0.7225,0.6400,0.6080
[45][10/26],6.130,5.639,0.9484,0.7430,0.4000,0.5891
[45][11/26],5.957,5.666,0.7367,0.7425,0.8000,0.6067
[45][12/26],5.335,5.640,0.8689,0.7522,0.6800,0.6123
[45][13/26],5.057,5.599,0.7505,0.7521,0.4400,0.6000
[45][14/26],4.822,5.547,0.6185,0.7432,0.6400,0.6027
[45][15/26],5.741,5.559,0.6960,0.7402,0.7600,0.6125
[45][16/26],5.253,5.541,0.9247,0.7511,0.6800,0.6165
[45][17/26],5.965,5.565,0.7160,0.7491,0.6400,0.6178
[45][18/26],5.293,5.550,0.8468,0.7543,0.5200,0.6126
[45][19/26],5.837,5.565,0.8521,0.7592,0.4400,0.6040
[45][20/26],5.417,5.558,0.8479,0.7634,0.6800,0.6076
[45][21/26],5.356,5.548,0.6511,0.7583,0.6800,0.6109
[45][22/26],4.765,5.514,0.7172,0.7565,0.7200,0.6157
[45][23/26],5.504,5.514,0.7191,0.7549,0.6400,0.6167
[45][24/26],5.392,5.509,0.8664,0.7594,0.6000,0.6160
[45][25/26],2.141,5.380,0.9293,0.7616,0.5000,0.6145
[46][0/26],5.760,5.760,0.5784,0.5784,0.7600,0.7600
[46][1/26],5.643,5.702,0.8482,0.7133,0.5200,0.6400
[46][2/26],5.902,5.768,0.7565,0.7277,0.6400,0.6400
[46][3/26],5.721,5.756,0.7414,0.7311,0.5600,0.6200
[46][4/26],5.060,5.617,0.6944,0.7238,0.7200,0.6400
[46][5/26],5.772,5.643,0.7531,0.7287,0.5200,0.6200
[46][6/26],5.735,5.656,0.8422,0.7449,0.4800,0.6000
[46][7/26],4.696,5.536,0.8157,0.7537,0.6000,0.6000
[46][8/26],5.391,5.520,0.8048,0.7594,0.5600,0.5956
[46][9/26],5.594,5.527,0.6790,0.7514,0.6000,0.5960
[46][10/26],5.786,5.551,0.7590,0.7521,0.6000,0.5964
[46][11/26],4.996,5.504,0.6182,0.7409,0.7600,0.6100
[46][12/26],5.935,5.538,0.7055,0.7382,0.5200,0.6031
[46][13/26],6.055,5.575,0.8876,0.7489,0.5600,0.6000
[46][14/26],5.532,5.572,0.6482,0.7422,0.5600,0.5973
[46][15/26],5.814,5.587,0.7525,0.7428,0.4400,0.5875
[46][16/26],5.114,5.559,0.7668,0.7442,0.6400,0.5906
[46][17/26],5.086,5.533,0.6662,0.7399,0.6000,0.5911
[46][18/26],5.548,5.534,0.6431,0.7348,0.6800,0.5958
[46][19/26],6.347,5.574,0.7727,0.7367,0.5200,0.5920
[46][20/26],5.580,5.575,0.6572,0.7329,0.6000,0.5924
[46][21/26],4.550,5.528,0.7521,0.7338,0.6800,0.5964
[46][22/26],5.667,5.534,0.8139,0.7373,0.4000,0.5878
[46][23/26],5.855,5.547,0.5724,0.7304,0.8000,0.5967
[46][24/26],5.779,5.557,0.6222,0.7261,0.6400,0.5984
[46][25/26],1.881,5.415,0.8739,0.7279,0.6250,0.5987
[47][0/26],6.023,6.023,0.7996,0.7996,0.6400,0.6400
[47][1/26],5.414,5.719,0.8701,0.8349,0.6400,0.6400
[47][2/26],4.974,5.470,0.6112,0.7603,0.7200,0.6667
[47][3/26],6.327,5.685,0.6209,0.7255,0.7600,0.6900
[47][4/26],6.188,5.785,0.7430,0.7290,0.4800,0.6480
[47][5/26],5.587,5.752,0.7202,0.7275,0.6400,0.6467
[47][6/26],5.590,5.729,0.6106,0.7108,0.6000,0.6400
[47][7/26],5.382,5.686,0.7478,0.7154,0.4400,0.6150
[47][8/26],5.461,5.661,0.7689,0.7214,0.6000,0.6133
[47][9/26],6.069,5.702,0.7668,0.7259,0.5200,0.6040
[47][10/26],5.643,5.696,0.8210,0.7346,0.5200,0.5964
[47][11/26],5.662,5.693,0.8737,0.7462,0.5200,0.5900
[47][12/26],5.439,5.674,0.7426,0.7459,0.6000,0.5908
[47][13/26],6.100,5.704,0.6126,0.7364,0.7200,0.6000
[47][14/26],4.694,5.637,0.6748,0.7323,0.6000,0.6000
[47][15/26],6.227,5.674,0.6744,0.7287,0.6000,0.6000
[47][16/26],5.841,5.684,0.8238,0.7343,0.5600,0.5976
[47][17/26],5.121,5.652,0.6265,0.7283,0.6000,0.5978
[47][18/26],5.369,5.637,0.8119,0.7327,0.6000,0.5979
[47][19/26],5.839,5.648,0.6628,0.7292,0.7200,0.6040
[47][20/26],5.733,5.652,0.6249,0.7242,0.8800,0.6171
[47][21/26],4.959,5.620,0.7161,0.7238,0.7600,0.6236
[47][22/26],5.062,5.596,0.8062,0.7274,0.4800,0.6174
[47][23/26],5.299,5.583,0.7619,0.7289,0.6000,0.6167
[47][24/26],5.940,5.598,0.5332,0.7210,0.7600,0.6224
[47][25/26],1.739,5.449,0.7386,0.7213,0.6250,0.6224
[48][0/26],5.701,5.701,0.6719,0.6719,0.5200,0.5200
[48][1/26],5.277,5.489,0.7828,0.7273,0.6400,0.5800
[48][2/26],5.299,5.426,1.0515,0.8354,0.4800,0.5467
[48][3/26],4.872,5.287,0.5174,0.7559,0.8800,0.6300
[48][4/26],6.250,5.480,0.8163,0.7680,0.5600,0.6160
[48][5/26],5.537,5.489,0.7226,0.7604,0.5600,0.6067
[48][6/26],5.537,5.496,0.7010,0.7519,0.6000,0.6057
[48][7/26],5.797,5.534,0.6818,0.7432,0.6800,0.6150
[48][8/26],5.799,5.563,0.9858,0.7701,0.6800,0.6222
[48][9/26],5.334,5.540,0.8033,0.7734,0.6800,0.6280
[48][10/26],4.746,5.468,0.7350,0.7699,0.6000,0.6255
[48][11/26],6.395,5.545,0.6586,0.7607,0.5600,0.6200
[48][12/26],5.983,5.579,0.6194,0.7498,0.7200,0.6277
[48][13/26],5.815,5.596,0.7110,0.7470,0.5600,0.6229
[48][14/26],5.510,5.590,0.9052,0.7576,0.4800,0.6133
[48][15/26],5.740,5.599,0.6500,0.7509,0.6000,0.6125
[48][16/26],6.083,5.628,0.5886,0.7413,0.6800,0.6165
[48][17/26],5.702,5.632,0.7630,0.7425,0.6000,0.6156
[48][18/26],5.516,5.626,0.6863,0.7396,0.6000,0.6147
[48][19/26],5.508,5.620,0.6373,0.7344,0.7200,0.6200
[48][20/26],5.261,5.603,0.7550,0.7354,0.6000,0.6190
[48][21/26],5.617,5.604,0.6296,0.7306,0.6000,0.6182
[48][22/26],5.436,5.596,0.6169,0.7257,0.6800,0.6209
[48][23/26],5.165,5.578,0.6927,0.7243,0.7200,0.6250
[48][24/26],5.017,5.556,0.6582,0.7216,0.7200,0.6288
[48][25/26],1.718,5.408,0.5342,0.7193,1.0000,0.6335
[49][0/26],6.081,6.081,0.6039,0.6039,0.7600,0.7600
[49][1/26],5.872,5.977,0.8815,0.7427,0.5600,0.6600
[49][2/26],5.405,5.786,0.6837,0.7230,0.6800,0.6667
[49][3/26],5.938,5.824,0.6233,0.6981,0.7200,0.6800
[49][4/26],5.226,5.705,0.9198,0.7424,0.5600,0.6560
[49][5/26],6.050,5.762,0.6061,0.7197,0.6000,0.6467
[49][6/26],5.120,5.670,0.8042,0.7318,0.5600,0.6343
[49][7/26],5.535,5.653,1.1473,0.7837,0.4000,0.6050
[49][8/26],5.740,5.663,0.7054,0.7750,0.5200,0.5956
[49][9/26],5.088,5.606,0.6354,0.7611,0.6800,0.6040
[49][10/26],5.622,5.607,0.9255,0.7760,0.5200,0.5964
[49][11/26],5.862,5.628,0.9532,0.7908,0.4800,0.5867
[49][12/26],5.697,5.634,0.6353,0.7788,0.6800,0.5938
[49][13/26],5.475,5.622,0.6450,0.7692,0.6800,0.6000
[49][14/26],5.366,5.605,0.7104,0.7653,0.6400,0.6027
[49][15/26],5.561,5.602,0.6622,0.7589,0.6800,0.6075
[49][16/26],5.154,5.576,0.6546,0.7527,0.6000,0.6071
[49][17/26],5.095,5.549,0.8392,0.7576,0.6000,0.6067
[49][18/26],5.025,5.522,0.8848,0.7643,0.5200,0.6021
[49][19/26],5.219,5.507,0.7513,0.7636,0.5600,0.6000
[49][20/26],5.728,5.517,0.7596,0.7634,0.4800,0.5943
[49][21/26],5.640,5.523,0.8003,0.7651,0.6400,0.5964
[49][22/26],5.959,5.542,0.7064,0.7625,0.6000,0.5965
[49][23/26],5.484,5.539,0.7036,0.7601,0.7600,0.6033
[49][24/26],5.856,5.552,0.6773,0.7568,0.5600,0.6016
[49][25/26],1.842,5.409,0.7058,0.7561,0.3750,0.5987
[50][0/26],5.669,5.669,0.6868,0.6868,0.5200,0.5200
[50][1/26],5.312,5.491,0.7117,0.6992,0.5600,0.5400
[50][2/26],5.514,5.499,0.7814,0.7266,0.4400,0.5067
[50][3/26],5.977,5.618,0.8553,0.7588,0.5600,0.5200
[50][4/26],5.541,5.603,0.6778,0.7426,0.6000,0.5360
[50][5/26],5.711,5.621,0.8608,0.7623,0.6000,0.5467
[50][6/26],5.332,5.580,0.7592,0.7619,0.4000,0.5257
[50][7/26],5.030,5.511,0.6681,0.7501,0.7200,0.5500
[50][8/26],5.449,5.504,0.8077,0.7565,0.6000,0.5556
[50][9/26],4.968,5.450,0.6609,0.7470,0.6800,0.5680
[50][10/26],6.119,5.511,0.7271,0.7452,0.5200,0.5636
[50][11/26],5.375,5.500,0.7476,0.7454,0.6000,0.5667
[50][12/26],5.400,5.492,0.7305,0.7442,0.6800,0.5754
[50][13/26],6.049,5.532,0.7288,0.7431,0.5600,0.5743
[50][14/26],5.611,5.537,0.7084,0.7408,0.5600,0.5733
[50][15/26],5.183,5.515,0.7645,0.7423,0.6000,0.5750
[50][16/26],5.884,5.537,0.6028,0.7341,0.7600,0.5859
[50][17/26],6.467,5.588,0.7740,0.7363,0.5600,0.5844
[50][18/26],5.483,5.583,0.7346,0.7362,0.6000,0.5853
[50][19/26],5.499,5.579,0.7713,0.7380,0.6000,0.5860
[50][20/26],4.955,5.549,0.6113,0.7319,0.7600,0.5943
[50][21/26],5.417,5.543,0.6543,0.7284,0.5600,0.5927
[50][22/26],6.168,5.570,0.6865,0.7266,0.8000,0.6017
[50][23/26],5.629,5.573,0.5335,0.7185,0.7600,0.6083
[50][24/26],5.135,5.555,0.5064,0.7101,0.8800,0.6192
[50][25/26],1.714,5.407,0.5594,0.7082,0.7500,0.6209
[51][0/26],5.860,5.860,0.8156,0.8156,0.5200,0.5200
[51][1/26],6.250,6.055,0.8204,0.8180,0.5600,0.5400
[51][2/26],5.689,5.933,0.4928,0.7096,0.7200,0.6000
[51][3/26],5.957,5.939,0.6673,0.6991,0.6400,0.6100
[51][4/26],5.758,5.903,0.7620,0.7116,0.5200,0.5920
[51][5/26],4.785,5.717,0.5224,0.6801,0.8400,0.6333
[51][6/26],5.567,5.695,0.7544,0.6907,0.6000,0.6286
[51][7/26],5.321,5.648,0.6375,0.6841,0.7200,0.6400
[51][8/26],5.204,5.599,0.6464,0.6799,0.5200,0.6267
[51][9/26],5.974,5.637,0.5279,0.6647,0.7600,0.6400
[51][10/26],6.265,5.694,0.7630,0.6736,0.5200,0.6291
[51][11/26],5.319,5.662,0.6516,0.6718,0.6400,0.6300
[51][12/26],5.191,5.626,0.6765,0.6721,0.6800,0.6338
[51][13/26],6.251,5.671,0.7930,0.6808,0.6400,0.6343
[51][14/26],5.975,5.691,0.5915,0.6748,0.6000,0.6320
[51][15/26],6.177,5.721,0.6782,0.6750,0.6800,0.6350
[51][16/26],6.592,5.773,0.7662,0.6804,0.5200,0.6282
[51][17/26],6.032,5.787,0.7575,0.6847,0.5200,0.6222
[51][18/26],6.337,5.816,0.6794,0.6844,0.6800,0.6253
[51][19/26],5.231,5.787,0.5562,0.6780,0.8400,0.6360
[51][20/26],5.360,5.766,0.5583,0.6723,0.7600,0.6419
[51][21/26],5.095,5.736,0.5501,0.6667,0.7600,0.6473
[51][22/26],5.726,5.735,0.5296,0.6608,0.7600,0.6522
[51][23/26],5.223,5.714,0.6799,0.6616,0.6800,0.6533
[51][24/26],5.475,5.705,0.6084,0.6594,0.6400,0.6528
[51][25/26],1.742,5.552,0.9946,0.6637,0.2500,0.6477
[52][0/26],5.418,5.418,0.5669,0.5669,0.7600,0.7600
[52][1/26],5.452,5.435,0.6224,0.5947,0.6400,0.7000
[52][2/26],6.106,5.659,0.6769,0.6221,0.6000,0.6667
[52][3/26],5.490,5.617,0.8737,0.6850,0.5600,0.6400
[52][4/26],5.600,5.613,0.8374,0.7154,0.6400,0.6400
[52][5/26],5.658,5.621,0.6336,0.7018,0.6400,0.6400
[52][6/26],6.756,5.783,0.5017,0.6732,0.7600,0.6571
[52][7/26],5.546,5.753,0.7627,0.6844,0.5200,0.6400
[52][8/26],5.396,5.714,0.6467,0.6802,0.6000,0.6356
[52][9/26],5.728,5.715,0.7655,0.6887,0.5600,0.6280
[52][10/26],5.508,5.696,0.6774,0.6877,0.6400,0.6291
[52][11/26],5.681,5.695,0.6569,0.6852,0.6000,0.6267
[52][12/26],5.089,5.648,0.8191,0.6955,0.4000,0.6092
[52][13/26],6.591,5.716,0.6710,0.6937,0.6800,0.6143
[52][14/26],7.107,5.808,0.8387,0.7034,0.5200,0.6080
[52][15/26],7.543,5.917,0.6667,0.7011,0.6000,0.6075
[52][16/26],6.829,5.970,0.6009,0.6952,0.6400,0.6094
[52][17/26],7.148,6.036,0.5557,0.6874,0.7600,0.6178
[52][18/26],6.768,6.074,0.5958,0.6826,0.8000,0.6274
[52][19/26],7.062,6.124,0.7431,0.6856,0.6000,0.6260
[52][20/26],6.606,6.147,0.6731,0.6850,0.5600,0.6229
[52][21/26],7.266,6.198,0.7676,0.6888,0.4800,0.6164
[52][22/26],6.535,6.212,0.5274,0.6818,0.8000,0.6243
[52][23/26],6.957,6.243,0.6593,0.6808,0.6400,0.6250
[52][24/26],7.027,6.275,0.7750,0.6846,0.5600,0.6224
[52][25/26],2.245,6.120,0.7309,0.6852,0.6250,0.6224
[53][0/26],7.189,7.189,0.9717,0.9717,0.5600,0.5600
[53][1/26],6.888,7.039,0.9053,0.9385,0.4800,0.5200
[53][2/26],6.663,6.913,0.6531,0.8434,0.5600,0.5333
[53][3/26],6.939,6.920,0.6970,0.8068,0.5600,0.5400
[53][4/26],7.289,6.994,0.5990,0.7652,0.6800,0.5680
[53][5/26],6.992,6.993,0.5764,0.7337,0.7600,0.6000
[53][6/26],7.007,6.995,0.6938,0.7280,0.7200,0.6171
[53][7/26],7.012,6.998,0.5990,0.7119,0.7600,0.6350
[53][8/26],7.167,7.016,0.6341,0.7033,0.7200,0.6444
[53][9/26],7.085,7.023,0.7246,0.7054,0.4800,0.6280
[53][10/26],6.910,7.013,0.6694,0.7021,0.6800,0.6327
[53][11/26],7.498,7.053,0.6211,0.6954,0.6800,0.6367
[53][12/26],6.954,7.046,0.6085,0.6887,0.6800,0.6400
[53][13/26],7.788,7.099,0.7746,0.6948,0.4800,0.6286
[53][14/26],7.083,7.098,0.7834,0.7007,0.6000,0.6267
[53][15/26],7.038,7.094,0.5826,0.6934,0.6800,0.6300
[53][16/26],6.372,7.052,0.6487,0.6907,0.6400,0.6306
[53][17/26],6.758,7.035,0.5998,0.6857,0.7200,0.6356
[53][18/26],7.067,7.037,0.6972,0.6863,0.6000,0.6337
[53][19/26],7.025,7.036,0.7146,0.6877,0.6800,0.6360
[53][20/26],6.675,7.019,0.7815,0.6922,0.5200,0.6305
[53][21/26],9.375,7.126,0.7453,0.6946,0.5600,0.6273
[53][22/26],6.765,7.110,0.7936,0.6989,0.4800,0.6209
[53][23/26],6.634,7.091,0.6783,0.6980,0.6400,0.6217
[53][24/26],7.689,7.115,0.6781,0.6972,0.6800,0.6240
[53][25/26],2.716,6.945,0.6550,0.6967,0.8750,0.6272
[54][0/26],7.115,7.115,0.5851,0.5851,0.7200,0.7200
[54][1/26],7.526,7.321,0.6243,0.6047,0.6800,0.7000
[54][2/26],7.047,7.229,0.6164,0.6086,0.7200,0.7067
[54][3/26],7.765,7.363,0.6387,0.6161,0.7200,0.7100
[54][4/26],7.437,7.378,0.5902,0.6109,0.8000,0.7280
[54][5/26],6.207,7.183,0.5931,0.6080,0.6000,0.7067
[54][6/26],7.088,7.169,0.6442,0.6131,0.6800,0.7029
[54][7/26],6.840,7.128,0.5634,0.6069,0.8000,0.7150
[54][8/26],6.559,7.065,0.5759,0.6035,0.6800,0.7111
[54][9/26],7.755,7.134,0.7569,0.6188,0.6000,0.7000
[54][10/26],7.489,7.166,0.5115,0.6091,0.6800,0.6982
[54][11/26],7.571,7.200,0.7484,0.6207,0.5200,0.6833
[54][12/26],6.958,7.181,0.6017,0.6192,0.7200,0.6862
[54][13/26],6.730,7.149,0.5853,0.6168,0.6800,0.6857
[54][14/26],6.566,7.110,0.8007,0.6291,0.4800,0.6720
[54][15/26],6.502,7.072,0.5992,0.6272,0.7200,0.6750
[54][16/26],7.142,7.076,0.6137,0.6264,0.6800,0.6753
                                                                                                                                                            